GEO.id,GEO.id2,GEO.display-label,popchg4201072015,natinc4201072015,births4201072015,deaths4201072015,netmig4201072015,intlmig4201072015,dommig4201072015,popchg20142015,natinc20142015,births20142015,deaths20142015,netmig20142015,intlmig20142015,dommig20142015
Id,Id2,Geography,"Cumulative Estimates of the Components of Population Change - April 1, 2010 to July 1, 2015 - Total Population Change [1]","Cumulative Estimates of the Components of Population Change - April 1, 2010 to July 1, 2015 - Natural Increase","Cumulative Estimates of the Components of Population Change - April 1, 2010 to July 1, 2015 - Vital Events - Births","Cumulative Estimates of the Components of Population Change - April 1, 2010 to July 1, 2015 - Vital Events - Deaths","Cumulative Estimates of the Components of Population Change - April 1, 2010 to July 1, 2015 - Net Migration - Total","Cumulative Estimates of the Components of Population Change - April 1, 2010 to July 1, 2015 - Net Migration - International [2]","Cumulative Estimates of the Components of Population Change - April 1, 2010 to July 1, 2015 - Net Migration - Domestic","Annual Estimates of the Components of Population Change - July 1, 2014 to July 1, 2015 - Total Population Change [1]","Annual Estimates of the Components of Population Change - July 1, 2014 to July 1, 2015 - Natural Increase","Annual Estimates of the Components of Population Change - July 1, 2014 to July 1, 2015 - Vital Events - Births","Annual Estimates of the Components of Population Change - July 1, 2014 to July 1, 2015 - Vital Events - Deaths","Annual Estimates of the Components of Population Change - July 1, 2014 to July 1, 2015 - Net Migration - Total","Annual Estimates of the Components of Population Change - July 1, 2014 to July 1, 2015 - Net Migration - International [2]","Annual Estimates of the Components of Population Change - July 1, 2014 to July 1, 2015 - Net Migration - Domestic"
310M200US10100,10100,"Aberdeen, SD Micro Area",2182,632,2822,2190,1615,798,817,203,164,554,390,77,175,-98
310M200US10140,10140,"Aberdeen, WA Micro Area",-1675,-83,4139,4222,-1536,330,-1866,286,-52,755,807,287,73,214
310M200US10220,10220,"Ada, OK Micro Area",702,632,2906,2274,67,142,-75,20,62,550,488,-70,33,-103
310M200US10300,10300,"Adrian, MI Micro Area",-1319,559,5565,5006,-1883,237,-2120,-207,130,1083,953,-374,48,-422
310M200US10460,10460,"Alamogordo, NM Micro Area",563,1742,4653,2911,-1064,2152,-3216,-604,312,887,575,-861,485,-1346
310M200US10620,10620,"Albemarle, NC Micro Area",129,3,3434,3431,151,212,-61,85,2,677,675,80,48,32
310M200US10660,10660,"Albert Lea, MN Micro Area",-642,-33,1835,1868,-562,104,-666,-176,-12,344,356,-139,23,-162
310M200US10700,10700,"Albertville, AL Micro Area",1706,921,6573,5652,678,521,157,369,128,1214,1086,145,105,40
310M200US10820,10820,"Alexandria, MN Micro Area",1066,86,2110,2024,877,91,786,277,22,413,391,234,21,213
310M200US10860,10860,"Alice, TX Micro Area",544,1301,3387,2086,-747,20,-767,4,279,650,371,-281,5,-286
310M200US10940,10940,"Alma, MI Micro Area",-936,-77,2177,2254,-925,92,-1017,-93,-25,402,427,-84,20,-104
310M200US10980,10980,"Alpena, MI Micro Area",-795,-497,1385,1882,-245,39,-284,-149,-69,268,337,-72,8,-80
310M200US11060,11060,"Altus, OK Micro Area",-872,1047,2315,1268,-1924,418,-2342,-307,224,426,202,-517,87,-604
310M200US11140,11140,"Americus, GA Micro Area",-1880,480,2396,1916,-2417,74,-2491,-429,71,430,359,-521,16,-537
310M200US11220,11220,"Amsterdam, NY Micro Area",-615,84,3071,2987,-656,476,-1132,-87,66,607,541,-137,107,-244
310M200US11380,11380,"Andrews, TX Micro Area",3319,1037,1626,589,2265,80,2185,648,254,353,99,396,19,377
310M200US11420,11420,"Angola, IN Micro Area",189,441,2011,1570,-179,38,-217,-34,116,418,302,-107,9,-116
310M200US11580,11580,"Arcadia, FL Micro Area",596,529,2012,1483,91,783,-692,301,106,381,275,178,174,4
310M200US11620,11620,"Ardmore, OK Micro Area",963,195,3443,3248,758,135,623,-67,47,684,637,-119,29,-148
310M200US11660,11660,"Arkadelphia, AR Micro Area",-362,-58,1281,1339,-319,94,-413,-66,6,245,239,-69,21,-90
310M200US11680,11680,"Arkansas City-Winfield, KS Micro Area",-523,201,2400,2199,-738,270,-1008,-132,39,438,399,-172,58,-230
310M200US11740,11740,"Ashland, OH Micro Area",74,413,3249,2836,-399,296,-695,128,83,626,543,-1,63,-64
310M200US11780,11780,"Ashtabula, OH Micro Area",-2865,-209,5797,6006,-2593,375,-2968,-506,-14,1084,1098,-475,87,-562
310M200US11820,11820,"Astoria, OR Micro Area",794,207,2198,1991,588,185,403,406,29,409,380,360,42,318
310M200US11860,11860,"Atchison, KS Micro Area",-526,118,1056,938,-631,16,-647,-93,22,191,169,-115,4,-119
310M200US11900,11900,"Athens, OH Micro Area",1113,403,2894,2491,711,1586,-875,1164,78,541,463,1105,346,759
310M200US11940,11940,"Athens, TN Micro Area",373,-411,2968,3379,790,356,434,-45,-52,583,635,10,78,-68
310M200US11980,11980,"Athens, TX Micro Area",1009,-441,4741,5182,1405,143,1262,286,-108,909,1017,282,37,245
310M200US12140,12140,"Auburn, IN Micro Area",366,757,2753,1996,-362,83,-445,81,151,538,387,-44,17,-61
310M200US12180,12180,"Auburn, NY Micro Area",-1732,240,4092,3852,-1794,361,-2155,-548,47,736,689,-429,79,-508
310M200US12300,12300,"Augusta-Waterville, ME Micro Area",-2171,-681,6053,6734,-825,234,-1059,-1046,-195,1090,1285,-292,55,-347
310M200US12380,12380,"Austin, MN Micro Area",-47,712,2631,1919,-762,291,-1053,-102,160,501,341,-249,61,-310
310M200US12460,12460,"Bainbridge, GA Micro Area",-668,262,1881,1619,-938,-1,-937,-65,9,339,330,-75,1,-76
310M200US12660,12660,"Baraboo, WI Micro Area",1666,1012,4023,3011,523,383,140,282,190,767,577,77,80,-3
310M200US12680,12680,"Bardstown, KY Micro Area",1689,1195,3108,1913,483,1,482,326,214,594,380,80,3,77
310M200US12740,12740,"Barre, VT Micro Area",-914,279,3031,2752,-1131,95,-1226,-328,41,547,506,-348,21,-369
310M200US12780,12780,"Bartlesville, OK Micro Area",1044,210,3316,3106,913,398,515,54,1,630,629,55,83,-28
310M200US12820,12820,"Bastrop, LA Micro Area",-1584,-60,1893,1953,-1497,30,-1527,-349,2,348,346,-334,6,-340
310M200US12860,12860,"Batavia, NY Micro Area",-1096,-110,3137,3247,-1029,466,-1495,-162,-37,578,615,-184,103,-287
310M200US12900,12900,"Batesville, AR Micro Area",405,245,2411,2166,239,136,103,-9,23,441,418,20,29,-9
310M200US13060,13060,"Bay City, TX Micro Area",68,885,2740,1855,-757,59,-816,301,172,525,353,167,16,151
310M200US13100,13100,"Beatrice, NE Micro Area",-411,-189,1261,1450,-241,-1,-240,238,-17,239,256,238,0,238
310M200US13180,13180,"Beaver Dam, WI Micro Area",-259,-69,4467,4536,-300,251,-551,-68,-1,868,869,-110,54,-164
310M200US13260,13260,"Bedford, IN Micro Area",-634,-383,2473,2856,-209,150,-359,-120,-72,457,529,-38,31,-69
310M200US13300,13300,"Beeville, TX Micro Area",1013,745,1985,1240,367,99,268,-37,197,402,205,-175,25,-200
310M200US13340,13340,"Bellefontaine, OH Micro Area",-472,403,2877,2474,-856,61,-917,-123,72,556,484,-190,14,-204
310M200US13420,13420,"Bemidji, MN Micro Area",1230,1561,3687,2126,-324,220,-544,49,271,673,402,-239,51,-290
310M200US13500,13500,"Bennettsville, SC Micro Area",-1439,-111,1586,1697,-1302,50,-1352,-395,-17,301,318,-377,11,-388
310M200US13540,13540,"Bennington, VT Micro Area",-808,-546,1747,2293,-288,91,-379,-95,-116,328,444,0,20,-20
310M200US13620,13620,"Berlin, NH-VT Micro Area",-1983,-841,1620,2461,-1114,61,-1175,-448,-155,309,464,-277,12,-289
310M200US13660,13660,"Big Rapids, MI Micro Area",269,269,2180,1911,46,323,-277,-140,54,391,337,-181,69,-250
310M200US13700,13700,"Big Spring, TX Micro Area",2283,396,2380,1984,1895,390,1505,679,130,471,341,595,86,509
310M200US13720,13720,"Big Stone Gap, VA Micro Area",-2547,-281,3498,3779,-2227,94,-2321,-509,-24,651,675,-432,20,-452
310M200US13940,13940,"Blackfoot, ID Micro Area",-617,2210,3891,1681,-2752,-18,-2734,-214,380,704,324,-541,0,-541
310M200US14140,14140,"Bluefield, WV-VA Micro Area",-3282,-1741,6289,8030,-1533,211,-1744,-1040,-322,1168,1490,-793,43,-836
310M200US14180,14180,"Blytheville, AR Micro Area",-2742,782,3377,2595,-3425,135,-3560,-544,156,636,480,-623,31,-654
310M200US14220,14220,"Bogalusa, LA Micro Area",-800,13,2950,2937,-807,-2,-805,84,-22,571,593,59,0,59
310M200US14340,14340,"Boone, IA Micro Area",337,57,1586,1529,255,22,233,223,5,290,285,188,6,182
310M200US14380,14380,"Boone, NC Micro Area",1827,99,1842,1743,1839,155,1684,518,13,352,339,546,38,508
310M200US14420,14420,"Borger, TX Micro Area",-515,391,1586,1195,-834,83,-917,-81,104,308,204,-132,17,-149
310M200US14580,14580,"Bozeman, MT Micro Area",11226,3194,5938,2744,7827,523,7304,3463,668,1199,531,2752,109,2643
310M200US14620,14620,"Bradford, PA Micro Area",-1038,-493,2286,2779,-506,91,-597,-296,-62,448,510,-217,19,-236
310M200US14660,14660,"Brainerd, MN Micro Area",1067,730,5612,4882,418,193,225,355,127,1055,928,250,42,208
310M200US14700,14700,"Branson, MO Micro Area",1655,28,4603,4575,1760,572,1188,296,19,888,869,389,121,268
310M200US14720,14720,"Breckenridge, CO Micro Area",2263,1191,1460,269,1134,848,286,806,219,269,50,644,179,465
310M200US14780,14780,"Brenham, TX Micro Area",1057,191,2148,1957,810,269,541,352,55,415,360,275,61,214
310M200US14820,14820,"Brevard, NC Micro Area",121,-621,1425,2046,754,56,698,220,-80,291,371,271,13,258
310M200US15020,15020,"Brookhaven, MS Micro Area",-220,358,2426,2068,-557,43,-600,-117,89,471,382,-184,8,-192
310M200US15060,15060,"Brookings, OR Micro Area",119,-904,945,1849,965,-28,993,218,-183,172,355,350,-5,355
310M200US15100,15100,"Brookings, SD Micro Area",1932,1094,2123,1029,842,614,228,503,232,426,194,275,137,138
310M200US15220,15220,"Brownwood, TX Micro Area",-210,-242,2192,2434,40,132,-92,271,-14,404,418,254,30,224
310M200US15340,15340,"Bucyrus, OH Micro Area",-1478,-220,2487,2707,-1164,29,-1193,-133,-36,471,507,-40,7,-47
310M200US15420,15420,"Burley, ID Micro Area",946,1889,3780,1891,-905,254,-1159,124,373,710,337,-212,56,-268
310M200US15460,15460,"Burlington, IA-IL Micro Area",-603,-41,2797,2838,-530,82,-612,-155,27,535,508,-196,18,-214
310M200US15580,15580,"Butte-Silver Bow, MT Micro Area",413,-31,2086,2117,422,282,140,-108,1,405,404,-111,62,-173
310M200US15620,15620,"Cadillac, MI Micro Area",322,452,3081,2629,-79,72,-151,-4,123,594,471,-96,14,-110
310M200US15660,15660,"Calhoun, GA Micro Area",1388,1174,3662,2488,256,363,-107,657,178,679,501,486,78,408
310M200US15700,15700,"Cambridge, MD Micro Area",-234,74,1985,1911,-281,112,-393,-143,-3,382,385,-128,25,-153
310M200US15740,15740,"Cambridge, OH Micro Area",-829,83,2405,2322,-802,19,-821,-324,20,461,441,-288,5,-293
310M200US15780,15780,"Camden, AR Micro Area",-1902,-343,1821,2164,-1546,56,-1602,-390,-48,336,384,-315,13,-328
310M200US15820,15820,"Campbellsville, KY Micro Area",908,203,1736,1533,673,207,466,300,43,350,307,237,44,193
310M200US15860,15860,"Cañon City, CO Micro Area",-132,-859,1909,2768,633,307,326,311,-171,361,532,430,62,368
310M200US15900,15900,"Canton, IL Micro Area",-1370,-549,1754,2303,-847,3,-850,-266,-142,307,449,-153,2,-155
310M200US16100,16100,"Carlsbad-Artesia, NM Micro Area",3749,1521,4375,2854,2297,75,2222,995,392,920,528,649,18,631
310M200US16260,16260,"Cedar City, UT Micro Area",2205,2946,4413,1467,-772,236,-1008,1109,549,810,261,532,51,481
310M200US16340,16340,"Cedartown, GA Micro Area",49,585,2998,2413,-537,402,-939,482,94,570,476,388,83,305
310M200US16380,16380,"Celina, OH Micro Area",154,756,2879,2123,-658,45,-703,42,187,579,392,-158,11,-169
310M200US16460,16460,"Centralia, IL Micro Area",-1098,-12,2556,2568,-1095,28,-1123,-144,77,480,403,-198,6,-204
310M200US16500,16500,"Centralia, WA Micro Area",427,333,4608,4275,-1,393,-394,658,52,853,801,549,92,457
310M200US16660,16660,"Charleston-Mattoon, IL Micro Area",-1502,91,3285,3194,-1538,218,-1756,-184,63,636,573,-229,46,-275
310M200US17060,17060,"Chillicothe, OH Micro Area",-894,190,4374,4184,-989,151,-1140,55,58,838,780,25,31,-6
310M200US17200,17200,"Claremont-Lebanon, NH-VT Micro Area",-1535,-403,10157,10560,-776,1606,-2382,-587,-52,1906,1958,-369,348,-717
310M200US17220,17220,"Clarksburg, WV Micro Area",-394,-387,5573,5960,134,52,82,-247,-33,1084,1117,-171,10,-181
310M200US17260,17260,"Clarksdale, MS Micro Area",-1525,767,2354,1587,-2254,40,-2294,-289,163,451,288,-423,7,-430
310M200US17340,17340,"Clearlake, CA Micro Area",-74,-317,3909,4226,246,65,181,435,-9,776,785,372,24,348
310M200US17380,17380,"Cleveland, MS Micro Area",-826,650,2823,2173,-1489,11,-1500,-513,85,499,414,-628,4,-632
310M200US17500,17500,"Clewiston, FL Micro Area",-21,1664,3102,1438,-1792,1060,-2852,643,298,589,291,313,228,85
310M200US17540,17540,"Clinton, IA Micro Area",-1348,174,2989,2815,-1511,111,-1622,-161,36,547,511,-195,22,-217
310M200US17580,17580,"Clovis, NM Micro Area",2022,2973,4893,1920,-959,1298,-2257,-657,582,938,356,-1217,284,-1501
310M200US17700,17700,"Coffeyville, KS Micro Area",-2157,123,2332,2209,-2290,229,-2519,-663,47,408,361,-685,46,-731
310M200US17740,17740,"Coldwater, MI Micro Area",-1584,607,2817,2210,-2134,232,-2366,-4,168,555,387,-110,51,-161
310M200US18060,18060,"Columbus, MS Micro Area",-69,1179,4170,2991,-1217,516,-1733,-40,231,792,561,-273,103,-376
310M200US18100,18100,"Columbus, NE Micro Area",610,1133,2515,1382,-583,254,-837,113,213,476,263,-136,57,-193
310M200US18180,18180,"Concord, NH Micro Area",1552,392,7103,6711,858,951,-93,533,73,1331,1258,365,194,171
310M200US18220,18220,"Connersville, IN Micro Area",-868,-335,1271,1606,-504,5,-509,-32,-33,242,275,23,1,22
310M200US18260,18260,"Cookeville, TN Micro Area",2132,301,6396,6095,1882,980,902,265,30,1196,1166,279,218,61
310M200US18300,18300,"Coos Bay, OR Micro Area",78,-1279,3245,4524,1237,321,916,498,-237,618,855,638,78,560
310M200US18380,18380,"Cordele, GA Micro Area",-558,299,1564,1265,-835,63,-898,-107,13,275,262,-135,13,-148
310M200US18420,18420,"Corinth, MS Micro Area",331,45,2333,2288,340,114,226,42,18,450,432,49,25,24
310M200US18460,18460,"Cornelia, GA Micro Area",955,509,2638,2129,374,29,345,243,92,505,413,108,9,99
310M200US18500,18500,"Corning, NY Micro Area",-1363,740,5792,5052,-2042,384,-2426,-695,100,1078,978,-798,82,-880
310M200US18620,18620,"Corsicana, TX Micro Area",492,961,3574,2613,-523,152,-675,289,155,682,527,90,41,49
310M200US18660,18660,"Cortland, NY Micro Area",-812,221,2475,2254,-1018,128,-1146,-435,67,473,406,-467,27,-494
310M200US18740,18740,"Coshocton, OH Micro Area",-332,265,2361,2096,-531,35,-566,1,82,458,376,-42,8,-50
310M200US18780,18780,"Craig, CO Micro Area",-858,458,951,493,-1324,77,-1401,5,93,172,79,-66,18,-84
310M200US18820,18820,"Crawfordsville, IN Micro Area",101,455,2437,1982,-313,7,-320,167,92,463,371,52,4,48
310M200US18860,18860,"Crescent City, CA Micro Area",-1356,224,1678,1454,-1571,85,-1656,60,60,308,248,-4,22,-26
310M200US18900,18900,"Crossville, TN Micro Area",2179,-1076,2916,3992,3073,137,2936,314,-244,541,785,487,31,456
310M200US18980,18980,"Cullman, AL Micro Area",1595,53,5060,5007,1415,190,1225,784,-4,960,964,687,41,646
310M200US19000,19000,"Cullowhee, NC Micro Area",994,312,2030,1718,770,469,301,267,60,375,315,249,104,145
310M200US19220,19220,"Danville, KY Micro Area",1098,371,3350,2979,673,64,609,0,110,671,561,-147,15,-162
310M200US19260,19260,"Danville, VA Micro Area",-2287,-1599,5633,7232,-806,337,-1143,-550,-292,1056,1348,-291,76,-367
310M200US19420,19420,"Dayton, TN Micro Area",717,158,2028,1870,606,93,513,-126,20,395,375,-105,20,-125
310M200US19540,19540,"Decatur, IN Micro Area",593,1978,3520,1542,-1349,58,-1407,224,412,664,252,-157,12,-169
310M200US19580,19580,"Defiance, OH Micro Area",-683,335,2326,1991,-1020,125,-1145,-199,38,428,390,-239,27,-266
310M200US19620,19620,"Del Rio, TX Micro Area",109,2768,4618,1850,-2760,689,-3449,72,545,895,350,-510,148,-658
310M200US19700,19700,"Deming, NM Micro Area",-577,535,2051,1516,-1057,5,-1062,-68,130,400,270,-165,-1,-164
310M200US19760,19760,"DeRidder, LA Micro Area",808,739,2537,1798,80,223,-143,242,107,472,365,137,47,90
310M200US19860,19860,"Dickinson, ND Micro Area",7955,1101,2277,1176,6763,386,6377,1664,326,555,229,1347,85,1262
310M200US19940,19940,"Dixon, IL Micro Area",-1447,47,1895,1848,-1415,26,-1441,-302,-4,371,375,-285,7,-292
310M200US19980,19980,"Dodge City, KS Micro Area",688,2314,3554,1240,-1687,957,-2644,-329,452,672,220,-803,214,-1017
310M200US20060,20060,"Douglas, GA Micro Area",752,1182,3139,1957,-476,289,-765,315,237,619,382,70,60,10
310M200US20140,20140,"Dublin, GA Micro Area",-1031,531,3856,3325,-1636,66,-1702,-97,79,694,615,-175,15,-190
310M200US20180,20180,"DuBois, PA Micro Area",-650,-995,3888,4883,317,235,82,-132,-187,732,919,-23,53,-76
310M200US20300,20300,"Dumas, TX Micro Area",351,1514,2196,682,-1151,1305,-2456,-38,303,430,127,-308,282,-590
310M200US20340,20340,"Duncan, OK Micro Area",-467,30,2880,2850,-491,68,-559,80,17,540,523,59,13,46
310M200US20380,20380,"Dunn, NC Micro Area",13462,4897,9603,4706,8382,1748,6634,1275,957,1918,961,306,412,-106
310M200US20420,20420,"Durango, CO Micro Area",3354,1225,2863,1638,2120,134,1986,838,214,557,343,613,33,580
310M200US20460,20460,"Durant, OK Micro Area",2468,545,2993,2448,1884,117,1767,481,41,555,514,401,28,373
310M200US20540,20540,"Dyersburg, TN Micro Area",-444,267,2498,2231,-753,112,-865,25,44,463,419,-50,25,-75
310M200US20580,20580,"Eagle Pass, TX Micro Area",3448,3756,5624,1868,-341,857,-1198,518,739,1103,364,-247,190,-437
310M200US20660,20660,"Easton, MD Micro Area",-270,-502,1764,2266,237,164,73,-48,-120,338,458,19,30,-11
310M200US20780,20780,"Edwards, CO Micro Area",1408,2939,3450,511,-1502,678,-2180,579,535,633,98,103,152,-49
310M200US20820,20820,"Effingham, IL Micro Area",129,467,2288,1821,-384,45,-429,50,86,414,328,-24,9,-33
310M200US20900,20900,"El Campo, TX Micro Area",206,696,2834,2138,-489,133,-622,289,161,534,373,130,31,99
310M200US20980,20980,"El Dorado, AR Micro Area",-1495,-81,2669,2750,-1453,40,-1493,-31,-45,498,543,-25,11,-36
310M200US21020,21020,"Elizabeth City, NC Micro Area",-516,538,3774,3236,-1132,548,-1680,202,168,725,557,19,116,-97
310M200US21120,21120,"Elk City, OK Micro Area",1649,766,2006,1240,867,55,812,35,151,408,257,-128,13,-141
310M200US21180,21180,"Elkins, WV Micro Area",-279,-304,1610,1914,29,25,4,-168,-64,301,365,-108,5,-113
310M200US21220,21220,"Elko, NV Micro Area",3022,2363,3811,1448,639,323,316,-769,523,848,325,-1270,70,-1340
310M200US21260,21260,"Ellensburg, WA Micro Area",2360,655,2140,1485,1721,449,1272,608,150,412,262,453,97,356
310M200US21380,21380,"Emporia, KS Micro Area",-351,764,2207,1443,-1185,660,-1845,96,157,414,257,-89,148,-237
310M200US21420,21420,"Enid, OK Micro Area",2989,1495,5067,3572,1539,1199,340,592,346,984,638,257,237,20
310M200US21460,21460,"Enterprise, AL Micro Area",1263,723,3314,2591,536,775,-239,380,97,616,519,273,160,113
310M200US21540,21540,"Escanaba, MI Micro Area",-692,-333,1883,2216,-313,29,-342,-175,-53,349,402,-104,6,-110
310M200US21580,21580,"Española, NM Micro Area",-782,976,3004,2028,-1603,99,-1702,-221,120,538,418,-332,21,-353
310M200US21700,21700,"Eureka-Arcata-Fortuna, CA Micro Area",1104,1282,7964,6682,-40,616,-656,896,257,1543,1286,569,136,433
310M200US21740,21740,"Evanston, WY Micro Area",-296,950,1656,706,-1270,-53,-1217,-81,179,316,137,-263,-10,-253
310M200US21840,21840,"Fairfield, IA Micro Area",712,-46,774,820,777,1053,-276,69,-1,159,160,82,227,-145
310M200US21900,21900,"Fairmont, WV Micro Area",507,141,3543,3402,457,206,251,66,21,694,673,59,46,13
310M200US21980,21980,"Fallon, NV Micro Area",-677,305,1655,1350,-1013,442,-1455,154,73,321,248,87,95,-8
310M200US22060,22060,"Faribault-Northfield, MN Micro Area",1256,1360,3756,2396,-185,688,-873,257,241,697,456,-43,148,-191
310M200US22100,22100,"Farmington, MO Micro Area",1155,-33,3911,3944,1126,69,1057,572,-16,732,748,537,16,521
310M200US22260,22260,"Fergus Falls, MN Micro Area",413,-233,3296,3529,721,299,422,94,-28,643,671,90,64,26
310M200US22280,22280,"Fernley, NV Micro Area",605,252,2991,2739,386,187,199,819,34,580,546,840,42,798
310M200US22300,22300,"Findlay, OH Micro Area",791,1196,4797,3601,-461,296,-757,310,266,937,671,26,66,-40
310M200US22340,22340,"Fitzgerald, GA Micro Area",-231,152,1235,1083,-377,4,-381,-14,21,221,200,-39,1,-40
310M200US22580,22580,"Forest City, NC Micro Area",-1419,-807,3543,4350,-523,137,-660,-147,-179,653,832,37,30,7
310M200US22620,22620,"Forrest City, AR Micro Area",-1669,443,1861,1418,-2059,119,-2178,-388,68,347,279,-425,27,-452
310M200US22700,22700,"Fort Dodge, IA Micro Area",-942,-40,2316,2356,-844,204,-1048,18,17,435,418,12,48,-36
310M200US22780,22780,"Fort Leonard Wood, MO Micro Area",947,2941,4420,1479,-1987,2421,-4408,-314,557,822,265,-860,480,-1340
310M200US22800,22800,"Fort Madison-Keokuk, IA-IL-MO Micro Area",-1662,-162,3559,3721,-1539,87,-1626,-284,-1,681,682,-297,17,-314
310M200US22820,22820,"Fort Morgan, CO Micro Area",201,991,2280,1289,-887,449,-1336,114,184,418,234,-80,93,-173
310M200US22860,22860,"Fort Polk South, LA Micro Area",-1531,3737,5668,1931,-5377,1623,-7000,-1414,695,1053,358,-2120,320,-2440
310M200US23140,23140,"Frankfort, IN Micro Area",-610,481,2274,1793,-1090,196,-1286,-63,109,418,309,-154,43,-197
310M200US23180,23180,"Frankfort, KY Micro Area",1648,721,4346,3625,859,399,460,476,197,871,674,249,84,165
310M200US23240,23240,"Fredericksburg, TX Micro Area",1126,-512,1286,1798,1610,127,1483,454,-95,247,342,578,26,552
310M200US23300,23300,"Freeport, IL Micro Area",-1962,-235,2568,2803,-1732,56,-1788,-603,-52,478,530,-576,13,-589
310M200US23340,23340,"Fremont, NE Micro Area",21,281,2503,2222,-279,142,-421,-19,92,492,400,-119,31,-150
310M200US23380,23380,"Fremont, OH Micro Area",-1265,279,3512,3233,-1514,111,-1625,-325,47,640,593,-360,24,-384
310M200US23500,23500,"Gaffney, SC Micro Area",727,481,3569,3088,342,27,315,155,96,667,571,66,8,58
310M200US23620,23620,"Gainesville, TX Micro Area",792,669,2765,2096,127,280,-153,401,133,539,406,257,60,197
310M200US23660,23660,"Galesburg, IL Micro Area",-1478,-616,2843,3459,-784,284,-1068,-536,-20,555,575,-487,58,-545
310M200US23700,23700,"Gallup, NM Micro Area",5217,3530,6424,2894,1720,172,1548,2862,643,1222,579,2240,36,2204
310M200US23780,23780,"Garden City, KS Micro Area",321,2691,3959,1268,-2347,934,-3281,-14,499,721,222,-489,201,-690
310M200US23820,23820,"Gardnerville Ranchos, NV Micro Area",713,-422,1890,2312,1092,110,982,191,-103,377,480,281,25,256
310M200US23860,23860,"Georgetown, SC Micro Area",1140,-543,3099,3642,1496,166,1330,571,-133,591,724,604,38,566
310M200US23940,23940,"Gillette, WY Micro Area",3087,2621,3940,1319,438,17,421,977,451,737,286,535,3,532
310M200US23980,23980,"Glasgow, KY Micro Area",1207,295,3407,3112,855,185,670,414,9,643,634,372,39,333
310M200US24060,24060,"Glenwood Springs, CO Micro Area",2345,3226,4988,1762,-841,730,-1571,840,556,911,355,329,170,159
310M200US24100,24100,"Gloversville, NY Micro Area",-1532,-350,2810,3160,-1118,173,-1291,-181,-55,509,564,-62,40,-102
310M200US24380,24380,"Grants, NM Micro Area",116,734,2079,1345,-639,107,-746,47,106,372,266,-46,27,-73
310M200US24460,24460,"Great Bend, KS Micro Area",-571,353,1925,1572,-907,13,-920,-155,53,350,297,-198,4,-202
310M200US24620,24620,"Greeneville, TN Micro Area",-251,-1103,3280,4383,799,160,639,167,-185,651,836,282,35,247
310M200US24640,24640,"Greenfield Town, MA Micro Area",-771,-177,3273,3450,-387,651,-1038,-326,-47,602,649,-219,142,-361
310M200US24700,24700,"Greensburg, IN Micro Area",781,458,1796,1338,322,170,152,10,126,381,255,-133,35,-168
310M200US24740,24740,"Greenville, MS Micro Area",-3005,1077,4249,3172,-4068,78,-4146,-1005,151,803,652,-1162,20,-1182
310M200US24820,24820,"Greenville, OH Micro Area",-883,294,3262,2968,-1176,21,-1197,-139,62,638,576,-180,4,-184
310M200US24900,24900,"Greenwood, MS Micro Area",-1672,568,2987,2419,-2269,138,-2407,-539,77,538,461,-608,23,-631
310M200US24940,24940,"Greenwood, SC Micro Area",-307,950,6034,5084,-1221,487,-1708,300,138,1130,992,156,115,41
310M200US24980,24980,"Grenada, MS Micro Area",-328,-25,1448,1473,-329,4,-333,-78,43,288,245,-134,1,-135
310M200US25100,25100,"Guymon, OK Micro Area",849,1122,1806,684,-235,622,-857,-268,222,357,135,-449,128,-577
310M200US25200,25200,"Hailey, ID Micro Area",254,891,1625,734,-680,228,-908,170,165,294,129,2,53,-51
310M200US25300,25300,"Hannibal, MO Micro Area",128,358,2467,2109,-195,65,-260,-79,88,476,388,-189,13,-202
310M200US25460,25460,"Harrison, AR Micro Area",-98,17,2720,2703,-118,-19,-99,73,-5,525,530,38,-3,41
310M200US25580,25580,"Hastings, NE Micro Area",223,515,2114,1599,-319,56,-375,168,84,398,314,62,11,51
310M200US25700,25700,"Hays, KS Micro Area",577,691,1995,1304,-127,243,-370,23,111,361,250,-117,52,-169
310M200US25720,25720,"Heber, UT Micro Area",5636,1531,2147,616,4067,249,3818,1376,342,462,120,1068,57,1011
310M200US25740,25740,"Helena, MT Micro Area",3265,965,4437,3472,2264,236,2028,607,163,869,706,443,42,401
310M200US25760,25760,"Helena-West Helena, AR Micro Area",-2244,195,1591,1396,-2425,9,-2434,-388,40,294,254,-409,2,-411
310M200US25780,25780,"Henderson, NC Micro Area",-851,466,3020,2554,-1358,-9,-1349,-19,78,574,496,-138,4,-142
310M200US25820,25820,"Hereford, TX Micro Area",-420,1010,1801,791,-1444,274,-1718,-249,166,338,172,-434,55,-489
310M200US25840,25840,"Hermiston-Pendleton, OR Micro Area",659,2925,6588,3663,-2128,208,-2336,-83,551,1243,692,-550,52,-602
310M200US25880,25880,"Hillsdale, MI Micro Area",-747,511,2870,2359,-1214,0,-1214,24,120,558,438,-94,0,-94
310M200US25900,25900,"Hilo, HI Micro Area",11349,4614,12889,8275,6519,3590,2929,2412,726,2506,1780,1563,765,798
310M200US26020,26020,"Hobbs, NM Micro Area",6453,3230,6005,2775,3300,420,2880,1250,719,1218,499,620,100,520
310M200US26090,26090,"Holland, MI Micro Area",3217,2342,7056,4714,690,276,414,882,484,1362,878,415,66,349
310M200US26220,26220,"Hood River, OR Micro Area",791,617,1516,899,150,60,90,283,123,293,170,142,13,129
310M200US26340,26340,"Houghton, MI Micro Area",-236,169,2083,1914,-488,913,-1401,-153,26,378,352,-225,196,-421
310M200US26460,26460,"Hudson, NY Micro Area",-1587,-568,2870,3438,-998,335,-1333,-470,-109,532,641,-338,72,-410
310M200US26500,26500,"Huntingdon, PA Micro Area",-359,-128,2267,2395,-236,72,-308,-123,-61,438,499,-112,17,-129
310M200US26540,26540,"Huntington, IN Micro Area",-494,127,2221,2094,-672,69,-741,-56,46,426,380,-137,15,-152
310M200US26660,26660,"Huntsville, TX Micro Area",2565,157,3923,3766,2372,750,1622,1062,6,769,763,1012,168,844
310M200US26700,26700,"Huron, SD Micro Area",974,691,1707,1016,292,862,-570,68,153,346,193,-86,189,-275
310M200US26740,26740,"Hutchinson, KS Micro Area",-793,75,3915,3840,-830,73,-903,-63,51,734,683,-116,19,-135
310M200US26780,26780,"Hutchinson, MN Micro Area",-719,525,2231,1706,-1334,81,-1415,41,104,423,319,-78,19,-97
310M200US26860,26860,"Indiana, PA Micro Area",-1927,-188,4457,4645,-1666,439,-2105,-521,-52,815,867,-438,95,-533
310M200US26940,26940,"Indianola, MS Micro Area",-2445,267,1802,1535,-2770,15,-2785,-504,45,325,280,-550,4,-554
310M200US26960,26960,"Ionia, MI Micro Area",318,1333,3926,2593,-1018,39,-1057,-76,258,756,498,-365,9,-374
310M200US27020,27020,"Iron Mountain, MI-WI Micro Area",-339,-359,1482,1841,38,-8,46,-156,-33,299,332,-99,-2,-97
310M200US27160,27160,"Jackson, OH Micro Area",-629,156,2249,2093,-771,2,-773,-188,54,434,380,-244,1,-245
310M200US27220,27220,"Jackson, WY-ID Micro Area",2225,1560,2137,577,673,283,390,477,299,403,104,199,61,138
310M200US27300,27300,"Jacksonville, IL Micro Area",-986,-104,2204,2308,-830,141,-971,-170,18,422,404,-167,30,-197
310M200US27380,27380,"Jacksonville, TX Micro Area",706,1364,3947,2583,-584,111,-695,490,270,757,487,209,27,182
310M200US27420,27420,"Jamestown, ND Micro Area",3,-13,1238,1251,55,51,4,-71,18,245,227,-60,13,-73
310M200US27460,27460,"Jamestown-Dunkirk-Fredonia, NY Micro Area",-4115,-215,7186,7401,-3725,1125,-4850,-994,-18,1342,1360,-948,241,-1189
310M200US27540,27540,"Jasper, IN Micro Area",322,760,3525,2765,-479,256,-735,50,178,700,522,-164,53,-217
310M200US27600,27600,"Jefferson, GA Micro Area",2875,1351,4060,2709,1325,224,1101,1512,257,771,514,1252,53,1199
310M200US27700,27700,"Jesup, GA Micro Area",-565,457,2104,1647,-1049,37,-1086,-416,64,379,315,-506,8,-514
310M200US27920,27920,"Junction City, KS Micro Area",2668,4298,5367,1069,-1815,1710,-3525,308,815,1012,197,-518,358,-876
310M200US27940,27940,"Juneau, AK Micro Area",1481,1206,2108,902,375,446,-71,131,264,416,152,-60,98,-158
310M200US28060,28060,"Kalispell, MT Micro Area",5237,1625,5846,4221,3467,167,3300,1439,317,1166,849,1030,28,1002
310M200US28180,28180,"Kapaa, HI Micro Area",4645,1646,4641,2995,2946,2221,725,1063,288,912,624,696,475,221
310M200US28260,28260,"Kearney, NE Micro Area",2857,1949,4082,2133,904,862,42,512,393,805,412,97,193,-96
310M200US28300,28300,"Keene, NH Micro Area",-1208,66,3617,3551,-1161,199,-1360,-284,-1,647,648,-237,52,-289
310M200US28340,28340,"Kendallville, IN Micro Area",197,718,3049,2331,-578,45,-623,138,150,584,434,-20,13,-33
310M200US28380,28380,"Kennett, MO Micro Area",-1058,134,2419,2285,-1166,14,-1180,-461,3,448,445,-432,4,-436
310M200US28500,28500,"Kerrville, TX Micro Area",1330,-1038,2621,3659,2178,165,2013,443,-180,518,698,539,37,502
310M200US28540,28540,"Ketchikan, AK Micro Area",230,472,939,467,-224,270,-494,-72,79,166,87,-136,57,-193
310M200US28580,28580,"Key West, FL Micro Area",4392,323,3807,3484,4055,1961,2094,624,41,749,708,555,419,136
310M200US28620,28620,"Kill Devil Hills, NC Micro Area",1406,322,2112,1790,1029,91,938,532,40,377,337,452,23,429
310M200US28780,28780,"Kingsville, TX Micro Area",-213,1292,2573,1281,-1539,694,-2233,-147,272,509,237,-445,149,-594
310M200US28820,28820,"Kinston, NC Micro Area",-1389,-163,3494,3657,-1170,303,-1473,-293,-68,664,732,-220,66,-286
310M200US28860,28860,"Kirksville, MO Micro Area",-224,285,1657,1372,-438,414,-852,-107,56,316,260,-139,86,-225
310M200US28900,28900,"Klamath Falls, OR Micro Area",-364,340,4185,3845,-667,228,-895,496,27,784,757,385,56,329
310M200US29060,29060,"Laconia, NH Micro Area",549,-484,2873,3357,952,396,556,213,-172,535,707,329,82,247
310M200US29260,29260,"La Grande, OR Micro Area",46,240,1596,1356,-137,125,-262,102,44,312,268,54,28,26
310M200US29300,29300,"LaGrange, GA Micro Area",2719,1299,4767,3468,1403,290,1113,274,251,943,692,-28,66,-94
310M200US29380,29380,"Lake City, FL Micro Area",816,153,4188,4035,689,241,448,425,45,826,781,332,56,276
310M200US29500,29500,"Lamesa, TX Micro Area",-313,279,986,707,-598,38,-636,15,66,193,127,-33,8,-41
310M200US29660,29660,"Laramie, WY Micro Area",1657,1240,2212,972,425,782,-357,38,254,428,174,-196,180,-376
310M200US29780,29780,"Las Vegas, NM Micro Area",-1426,298,1686,1388,-1684,277,-1961,-336,35,296,261,-315,65,-380
310M200US29860,29860,"Laurel, MS Micro Area",-39,1557,6317,4760,-1443,-26,-1417,3,223,1184,961,-134,1,-135
310M200US29900,29900,"Laurinburg, NC Micro Area",-648,314,2378,2064,-1007,79,-1086,-206,39,437,398,-268,16,-284
310M200US29980,29980,"Lawrenceburg, TN Micro Area",695,329,2960,2631,416,80,336,241,82,572,490,174,17,157
310M200US30060,30060,"Lebanon, MO Micro Area",-98,472,2412,1940,-570,8,-578,2,97,461,364,-95,1,-96
310M200US30220,30220,"Levelland, TX Micro Area",498,670,1739,1069,-173,145,-318,-166,113,316,203,-289,34,-323
310M200US30260,30260,"Lewisburg, PA Micro Area",5,158,2134,1976,-128,264,-392,46,21,412,391,9,58,-49
310M200US30280,30280,"Lewisburg, TN Micro Area",935,342,1909,1567,589,97,492,251,64,367,303,199,21,178
310M200US30380,30380,"Lewistown, PA Micro Area",-183,254,2956,2702,-404,115,-519,-35,52,557,505,-91,25,-116
310M200US30420,30420,"Lexington, NE Micro Area",-511,902,2116,1214,-1403,354,-1757,-126,214,418,204,-313,78,-391
310M200US30580,30580,"Liberal, KS Micro Area",200,1693,2359,666,-1460,355,-1815,-144,331,441,110,-448,85,-533
310M200US30660,30660,"Lincoln, IL Micro Area",-811,-69,1572,1641,-749,74,-823,-226,0,306,306,-190,17,-207
310M200US30820,30820,"Lock Haven, PA Micro Area",200,161,2243,2082,74,116,-42,-70,42,429,387,-95,26,-121
310M200US30880,30880,"Logan, WV Micro Area",-2038,-460,2279,2739,-1598,-1,-1597,-603,-59,426,485,-545,0,-545
310M200US30900,30900,"Logansport, IN Micro Area",-987,548,2553,2005,-1496,440,-1936,-357,70,467,397,-402,95,-497
310M200US30940,30940,"London, KY Micro Area",1584,1474,8884,7410,-73,273,-346,406,275,1750,1475,100,52,48
310M200US31060,31060,"Los Alamos, NM Micro Area",-165,278,883,605,-467,416,-883,67,69,167,98,16,96,-80
310M200US31220,31220,"Ludington, MI Micro Area",78,-202,1489,1691,338,89,249,-3,-12,275,287,41,21,20
310M200US31260,31260,"Lufkin, TX Micro Area",1484,1931,6438,4507,-459,224,-683,380,354,1251,897,-24,55,-79
310M200US31300,31300,"Lumberton, NC Micro Area",29,3308,9940,6632,-3189,477,-3666,-535,534,1853,1319,-1056,105,-1161
310M200US31380,31380,"Macomb, IL Micro Area",-1279,35,1545,1510,-1337,184,-1521,-258,3,277,274,-225,39,-264
310M200US31500,31500,"Madison, IN Micro Area",-12,-57,1816,1873,90,81,9,-113,-2,334,336,-93,19,-112
310M200US31580,31580,"Madisonville, KY Micro Area",-698,-159,2820,2979,-512,58,-570,-82,5,529,524,-75,12,-87
310M200US31620,31620,"Magnolia, AR Micro Area",-438,-77,1529,1606,-349,258,-607,12,11,288,277,-9,58,-67
310M200US31660,31660,"Malone, NY Micro Area",-946,377,2712,2335,-1301,301,-1602,-473,25,502,477,-491,64,-555
310M200US31680,31680,"Malvern, AR Micro Area",503,-72,1855,1927,612,21,591,93,-5,358,363,112,5,107
310M200US31820,31820,"Manitowoc, WI Micro Area",-1636,26,4332,4306,-1662,281,-1943,-355,-7,807,814,-326,63,-389
310M200US31930,31930,"Marietta, OH Micro Area",-666,-474,3230,3704,-87,90,-177,-60,-75,615,690,23,22,1
310M200US31940,31940,"Marinette, WI-MI Micro Area",-1346,-893,3054,3947,-323,74,-397,-405,-105,580,685,-248,16,-264
310M200US31980,31980,"Marion, IN Micro Area",-2084,-44,4152,4196,-1923,180,-2103,-652,36,825,789,-663,41,-704
310M200US32000,32000,"Marion, NC Micro Area",-7,-159,2397,2556,201,41,160,35,-41,453,494,88,9,79
310M200US32020,32020,"Marion, OH Micro Area",-1146,424,4040,3616,-1471,95,-1566,-319,56,746,690,-358,20,-378
310M200US32100,32100,"Marquette, MI Micro Area",138,-27,3320,3347,194,86,108,-460,-44,602,646,-416,19,-435
310M200US32140,32140,"Marshall, MN Micro Area",-184,775,1892,1117,-970,334,-1304,-40,148,358,210,-215,72,-287
310M200US32180,32180,"Marshall, MO Micro Area",-112,305,1609,1304,-399,313,-712,-102,64,298,234,-194,66,-260
310M200US32220,32220,"Marshall, TX Micro Area",1117,1260,4450,3190,-60,292,-352,275,224,860,636,52,68,-16
310M200US32260,32260,"Marshalltown, IA Micro Area",98,418,2896,2478,-327,909,-1236,-150,67,535,468,-233,197,-430
310M200US32280,32280,"Martin, TN Micro Area",-1061,-30,1862,1892,-1006,76,-1082,-182,15,356,341,-187,17,-204
310M200US32300,32300,"Martinsville, VA Micro Area",-2438,-1105,3679,4784,-1437,289,-1726,-179,-186,699,885,-2,64,-66
310M200US32340,32340,"Maryville, MO Micro Area",-560,224,1209,985,-809,158,-967,-280,55,231,176,-361,36,-397
310M200US32380,32380,"Mason City, IA Micro Area",-1163,-110,2880,2990,-1028,167,-1195,-233,-17,548,565,-222,38,-260
310M200US32460,32460,"Mayfield, KY Micro Area",300,341,2609,2268,-6,366,-372,-233,96,496,400,-329,79,-408
310M200US32500,32500,"Maysville, KY Micro Area",-391,105,1120,1015,-479,-8,-471,-21,21,211,190,-28,-2,-26
310M200US32540,32540,"McAlester, OK Micro Area",-1227,-228,2851,3079,-886,48,-934,-9,2,555,553,-6,9,-15
310M200US32620,32620,"McComb, MS Micro Area",-1005,362,3638,3276,-1374,10,-1384,-43,-2,651,653,-61,4,-65
310M200US32660,32660,"McMinnville, TN Micro Area",595,122,2529,2407,441,142,299,397,65,494,429,303,38,265
310M200US32700,32700,"McPherson, KS Micro Area",-239,-198,1718,1916,-61,130,-191,-220,-54,306,360,-203,30,-233
310M200US32740,32740,"Meadville, PA Micro Area",-2281,-252,4904,5156,-1856,58,-1914,-573,-9,921,930,-504,15,-519
310M200US32860,32860,"Menomonie, WI Micro Area",640,795,2402,1607,-266,113,-379,197,153,459,306,17,25,-8
310M200US32940,32940,"Meridian, MS Micro Area",-2955,863,6823,5960,-3683,603,-4286,-1396,174,1269,1095,-1532,125,-1657
310M200US32980,32980,"Merrill, WI Micro Area",-763,-280,1399,1679,-450,3,-453,-172,-45,258,303,-106,1,-107
310M200US33020,33020,"Mexico, MO Micro Area",567,278,1795,1517,301,43,258,161,74,344,270,98,11,87
310M200US33060,33060,"Miami, OK Micro Area",133,63,2349,2286,8,96,-88,-102,-14,476,490,-100,21,-121
310M200US33180,33180,"Middlesborough, KY Micro Area",-1354,-96,1845,1941,-1188,1,-1189,-376,-14,334,348,-322,0,-322
310M200US33300,33300,"Milledgeville, GA Micro Area",-1227,328,2884,2556,-1578,213,-1791,-331,-27,520,547,-281,46,-327
310M200US33420,33420,"Mineral Wells, TX Micro Area",-216,286,1935,1649,-446,33,-479,-81,39,380,341,-81,11,-92
310M200US33500,33500,"Minot, ND Micro Area",10274,3608,6598,2990,6606,1288,5318,1745,817,1369,552,938,272,666
310M200US33580,33580,"Mitchell, SD Micro Area",408,458,1632,1174,-9,120,-129,-17,111,315,204,-99,25,-124
310M200US33620,33620,"Moberly, MO Micro Area",-310,108,1481,1373,-405,24,-429,39,33,276,243,31,5,26
310M200US33940,33940,"Montrose, CO Micro Area",-332,280,2402,2122,-627,220,-847,114,37,458,421,52,52,0
310M200US33980,33980,"Morehead City, NC Micro Area",2410,-669,3258,3927,3026,599,2427,149,-147,636,783,225,121,104
310M200US34020,34020,"Morgan City, LA Micro Area",-1840,1095,3957,2862,-2873,362,-3235,-413,237,763,526,-620,85,-705
310M200US34140,34140,"Moscow, ID Micro Area",1534,1146,2334,1188,406,538,-132,193,225,437,212,-50,124,-174
310M200US34180,34180,"Moses Lake, WA Micro Area",4139,4653,8130,3477,-269,308,-577,421,865,1500,635,-379,80,-459
310M200US34220,34220,"Moultrie, GA Micro Area",346,1281,3665,2384,-901,388,-1289,-207,213,650,437,-434,78,-512
310M200US34260,34260,"Mountain Home, AR Micro Area",-460,-1663,1794,3457,1159,9,1150,211,-301,346,647,440,2,438
310M200US34300,34300,"Mountain Home, ID Micro Area",-1162,1644,2516,872,-2894,818,-3712,-386,320,488,168,-731,176,-907
310M200US34340,34340,"Mount Airy, NC Micro Area",-930,-407,4007,4414,-650,350,-1000,-237,-112,741,853,-160,80,-240
310M200US34380,34380,"Mount Pleasant, MI Micro Area",387,1053,3427,2374,-610,1003,-1613,-122,225,661,436,-309,217,-526
310M200US34420,34420,"Mount Pleasant, TX Micro Area",289,1236,2589,1353,-958,222,-1180,136,242,484,242,-122,56,-178
310M200US34460,34460,"Mount Sterling, KY Micro Area",1798,759,3197,2438,996,8,988,360,86,583,497,258,3,255
310M200US34500,34500,"Mount Vernon, IL Micro Area",-472,62,2404,2342,-510,184,-694,-93,34,459,425,-144,37,-181
310M200US34540,34540,"Mount Vernon, OH Micro Area",131,651,3770,3119,-495,79,-574,48,137,715,578,-106,17,-123
310M200US34660,34660,"Murray, KY Micro Area",1152,-30,2002,2032,1191,542,649,122,-19,366,385,121,115,6
310M200US34700,34700,"Muscatine, IA Micro Area",262,922,2898,1976,-640,269,-909,72,217,559,342,-145,60,-205
310M200US34780,34780,"Muskogee, OK Micro Area",-1289,276,4981,4705,-1645,220,-1865,-214,30,911,881,-292,47,-339
310M200US34860,34860,"Nacogdoches, TX Micro Area",1140,1817,4726,2909,-769,554,-1323,393,320,883,563,23,128,-105
310M200US35020,35020,"Natchez, MS-LA Micro Area",-1723,-46,3289,3335,-1666,314,-1980,-937,-45,599,644,-880,75,-955
310M200US35060,35060,"Natchitoches, LA Micro Area",-387,816,2858,2042,-1231,55,-1286,-63,176,559,383,-235,11,-246
310M200US35140,35140,"Newberry, SC Micro Area",504,179,2344,2165,327,271,56,205,59,469,410,151,60,91
310M200US35220,35220,"New Castle, IN Micro Area",-477,-390,2550,2940,-140,36,-176,-87,-32,516,548,-77,8,-85
310M200US35260,35260,"New Castle, PA Micro Area",-3058,-1052,4768,5820,-1918,165,-2083,-432,-180,897,1077,-200,38,-238
310M200US35420,35420,"New Philadelphia-Dover, OH Micro Area",334,677,5840,5163,-351,468,-819,142,171,1137,966,-61,95,-156
310M200US35440,35440,"Newport, OR Micro Area",1006,-697,2272,2969,1768,171,1597,652,-110,426,536,719,37,682
310M200US35460,35460,"Newport, TN Micro Area",-500,-452,2025,2477,-19,62,-81,-123,-87,388,475,-58,13,-71
310M200US35500,35500,"Newton, IA Micro Area",-15,279,2196,1917,-265,40,-305,-39,60,419,359,-111,8,-119
310M200US35580,35580,"New Ulm, MN Micro Area",-580,-155,1410,1565,-452,30,-482,23,-17,277,294,24,6,18
310M200US35700,35700,"Nogales, AZ Micro Area",-959,2004,3482,1478,-3054,433,-3487,-200,327,628,301,-550,93,-643
310M200US35740,35740,"Norfolk, NE Micro Area",-87,1160,3535,2375,-1280,376,-1656,-262,219,673,454,-469,87,-556
310M200US35820,35820,"North Platte, NE Micro Area",-682,448,2307,1859,-1170,128,-1298,-68,73,418,345,-158,27,-185
310M200US35860,35860,"North Vernon, IN Micro Area",-628,359,1808,1449,-959,32,-991,-99,65,345,280,-137,6,-143
310M200US35900,35900,"North Wilkesboro, NC Micro Area",-838,-424,3526,3950,-421,54,-475,-300,-110,662,772,-119,16,-135
310M200US35940,35940,"Norwalk, OH Micro Area",-1157,815,3829,3014,-1973,118,-2091,-216,199,748,549,-404,21,-425
310M200US36020,36020,"Oak Harbor, WA Micro Area",2087,1301,4691,3390,636,1497,-861,1358,245,896,651,1052,420,632
310M200US36300,36300,"Ogdensburg-Massena, NY Micro Area",-934,1093,6463,5370,-1972,1054,-3026,-746,175,1194,1019,-935,224,-1159
310M200US36340,36340,"Oil City, PA Micro Area",-1864,-510,2924,3434,-1291,51,-1342,-384,-130,532,662,-222,11,-233
310M200US36380,36380,"Okeechobee, FL Micro Area",-527,701,2796,2095,-1422,395,-1817,355,142,534,392,194,90,104
310M200US36460,36460,"Olean, NY Micro Area",-2432,524,4831,4307,-2789,315,-3104,-716,84,896,812,-722,70,-792
310M200US36580,36580,"Oneonta, NY Micro Area",-1613,-374,2767,3141,-1094,281,-1375,-312,-90,524,614,-196,61,-257
310M200US36620,36620,"Ontario, OR-ID Micro Area",-659,1413,3920,2507,-2056,-1,-2055,107,295,742,447,-154,5,-159
310M200US36660,36660,"Opelousas, LA Micro Area",464,1917,6792,4875,-1412,50,-1462,45,322,1306,984,-271,12,-283
310M200US36700,36700,"Orangeburg, SC Micro Area",-3287,333,5818,5485,-3551,143,-3694,-716,-43,1042,1085,-657,32,-689
310M200US36820,36820,"Oskaloosa, IA Micro Area",-57,303,1469,1166,-359,56,-415,-18,55,277,222,-97,12,-109
310M200US36830,36830,"Othello, WA Micro Area",526,1540,2156,616,-990,104,-1094,60,283,399,116,-202,31,-233
310M200US36840,36840,"Ottawa, KS Micro Area",-387,406,1710,1304,-798,56,-854,-5,85,325,240,-112,11,-123
310M200US36860,36860,"Ottawa-Peru, IL Micro Area",-4342,-599,8209,8808,-3648,529,-4177,-1138,-86,1548,1634,-988,121,-1109
310M200US36900,36900,"Ottumwa, IA Micro Area",-436,431,2961,2530,-774,346,-1120,-50,83,556,473,-73,76,-149
310M200US36940,36940,"Owatonna, MN Micro Area",179,961,2508,1547,-852,168,-1020,155,188,495,307,-61,36,-97
310M200US37020,37020,"Owosso, MI Micro Area",-2029,148,3769,3621,-2149,97,-2246,-270,48,739,691,-276,21,-297
310M200US37060,37060,"Oxford, MS Micro Area",5795,868,2829,1961,4699,462,4237,934,134,527,393,773,95,678
310M200US37080,37080,"Oxford, NC Micro Area",1142,384,2924,2540,635,175,460,317,27,547,520,240,39,201
310M200US37120,37120,"Ozark, AL Micro Area",-686,1017,3536,2519,-1706,738,-2444,64,134,653,519,-99,154,-253
310M200US37140,37140,"Paducah, KY-IL Micro Area",-1448,-588,5901,6489,-880,19,-899,-432,-74,1130,1204,-414,7,-421
310M200US37220,37220,"Pahrump, NV Micro Area",-1468,-1409,1950,3359,-157,134,-291,274,-264,354,618,510,28,482
310M200US37260,37260,"Palatka, FL Micro Area",-2341,-543,4419,4962,-1611,133,-1744,-17,-107,827,934,109,29,80
310M200US37300,37300,"Palestine, TX Micro Area",-878,-174,3072,3246,-618,18,-636,-162,-42,587,629,-89,9,-98
310M200US37420,37420,"Pampa, TX Micro Area",675,468,1768,1300,227,32,195,-209,99,343,244,-262,9,-271
310M200US37500,37500,"Paragould, AR Micro Area",2106,513,2912,2399,1615,85,1530,467,120,567,447,355,21,334
310M200US37540,37540,"Paris, TN Micro Area",-183,-562,1764,2326,363,59,304,-114,-110,337,447,-40,12,-52
310M200US37580,37580,"Paris, TX Micro Area",-349,201,3427,3226,-638,68,-706,-17,14,664,650,-91,18,-109
310M200US37660,37660,"Parsons, KS Micro Area",-804,65,1423,1358,-855,60,-915,-73,49,271,222,-124,12,-136
310M200US37740,37740,"Payson, AZ Micro Area",-438,-537,3277,3814,22,122,-100,20,-157,620,777,118,27,91
310M200US37780,37780,"Pecos, TX Micro Area",949,427,942,515,516,199,317,341,110,202,92,233,45,188
310M200US37940,37940,"Peru, IN Micro Area",-1041,114,1931,1817,-1107,2,-1109,-121,16,364,348,-81,0,-81
310M200US38100,38100,"Picayune, MS Micro Area",-556,229,3388,3159,-818,21,-839,-107,20,628,608,-128,6,-134
310M200US38180,38180,"Pierre, SD Micro Area",574,682,1535,853,-83,28,-111,-73,132,299,167,-195,4,-199
310M200US38240,38240,"Pinehurst-Southern Pines, NC Micro Area",6105,-302,5186,5488,6091,391,5700,1286,-57,1039,1096,1202,94,1108
310M200US38260,38260,"Pittsburg, KS Micro Area",83,497,2562,2065,-381,581,-962,-157,129,485,356,-262,124,-386
310M200US38380,38380,"Plainview, TX Micro Area",-1913,1176,2789,1613,-3178,184,-3362,-242,173,480,307,-442,41,-483
310M200US38420,38420,"Platteville, WI Micro Area",1042,321,2835,2514,725,116,609,426,73,555,482,337,26,311
310M200US38460,38460,"Plattsburgh, NY Micro Area",-880,390,4024,3634,-1306,724,-2030,-451,44,733,689,-490,159,-649
310M200US38500,38500,"Plymouth, IN Micro Area",-190,709,3037,2328,-917,190,-1107,-156,126,574,448,-299,43,-342
310M200US38580,38580,"Point Pleasant, WV-OH Micro Area",-1081,-114,3477,3591,-944,120,-1064,-247,-29,652,681,-192,28,-220
310M200US38620,38620,"Ponca City, OK Micro Area",-1196,412,3372,2960,-1500,72,-1572,-144,96,648,552,-192,19,-211
310M200US38700,38700,"Pontiac, IL Micro Area",-2279,38,2198,2160,-2346,70,-2416,-329,22,383,361,-336,16,-352
310M200US38740,38740,"Poplar Bluff, MO Micro Area",157,69,2961,2892,196,29,167,64,19,552,533,61,6,55
310M200US38780,38780,"Portales, NM Micro Area",-726,778,1566,788,-1537,114,-1651,-506,173,315,142,-685,27,-712
310M200US38820,38820,"Port Angeles, WA Micro Area",2082,-1393,3513,4906,3266,277,2989,818,-281,677,958,1052,63,989
310M200US38840,38840,"Port Clinton, OH Micro Area",-557,-656,1798,2454,41,36,5,-195,-128,334,462,-96,7,-103
310M200US38920,38920,"Port Lavaca, TX Micro Area",514,447,1520,1073,51,135,-84,104,95,307,212,-2,28,-30
310M200US39020,39020,"Portsmouth, OH Micro Area",-2674,-213,4694,4907,-2306,174,-2480,-501,-40,883,923,-362,41,-403
310M200US39060,39060,"Pottsville, PA Micro Area",-3699,-2793,7178,9971,-690,424,-1114,-956,-480,1331,1811,-405,91,-496
310M200US39220,39220,"Price, UT Micro Area",-924,481,1619,1138,-1395,61,-1456,-141,104,285,181,-236,11,-247
310M200US39260,39260,"Prineville, OR Micro Area",652,-199,985,1184,838,25,813,591,-16,209,225,598,8,590
310M200US39420,39420,"Pullman, WA Micro Area",3401,1034,2359,1325,2345,1967,378,1239,217,455,238,1033,430,603
310M200US39500,39500,"Quincy, IL-MO Micro Area",-94,285,4906,4621,-478,120,-598,76,65,956,891,-28,26,-54
310M200US39700,39700,"Raymondville, TX Micro Area",-231,841,1688,847,-1088,85,-1173,-14,149,318,169,-183,24,-207
310M200US39780,39780,"Red Bluff, CA Micro Area",-153,791,3925,3134,-899,353,-1252,347,157,754,597,240,73,167
310M200US39860,39860,"Red Wing, MN Micro Area",252,235,2712,2477,-108,114,-222,60,43,489,446,-16,23,-39
310M200US39940,39940,"Rexburg, ID Micro Area",314,5538,6720,1182,-5269,245,-5514,154,1108,1306,198,-937,61,-998
310M200US39980,39980,"Richmond, IN Micro Area",-2002,-144,4159,4303,-1816,-32,-1784,-446,-110,758,868,-354,-3,-351
310M200US40080,40080,"Richmond-Berea, KY Micro Area",4794,1472,6110,4638,3205,406,2799,1244,260,1173,913,936,84,852
310M200US40100,40100,"Rio Grande City, TX Micro Area",2827,5208,7194,1986,-2436,758,-3194,646,1015,1378,363,-400,167,-567
310M200US40180,40180,"Riverton, WY Micro Area",192,863,3149,2286,-690,62,-752,-402,117,583,466,-541,13,-554
310M200US40260,40260,"Roanoke Rapids, NC Micro Area",-3907,-910,4019,4929,-2980,140,-3120,-704,-236,732,968,-469,31,-500
310M200US40300,40300,"Rochelle, IL Micro Area",-1838,227,2757,2530,-2042,80,-2122,-364,47,516,469,-381,18,-399
310M200US40460,40460,"Rockingham, NC Micro Area",-1202,81,2876,2795,-1282,83,-1365,-263,-4,522,526,-292,23,-315
310M200US40540,40540,"Rock Springs, WY Micro Area",820,1904,3308,1404,-1043,31,-1074,-299,358,620,262,-630,8,-638
310M200US40620,40620,"Rolla, MO Micro Area",-360,618,2814,2196,-871,1099,-1970,-166,100,515,415,-213,238,-451
310M200US40700,40700,"Roseburg, OR Micro Area",18,-1543,5673,7216,1516,189,1327,687,-264,1074,1338,780,50,730
310M200US40740,40740,"Roswell, NM Micro Area",119,1518,4922,3404,-1193,271,-1464,-73,303,927,624,-263,66,-329
310M200US40780,40780,"Russellville, AR Micro Area",1164,1316,5604,4288,-130,385,-515,140,277,1051,774,-100,73,-173
310M200US40820,40820,"Ruston, LA Micro Area",1039,1104,3035,1931,-77,1063,-1140,345,195,591,396,137,203,-66
310M200US40860,40860,"Rutland, VT Micro Area",-1910,-536,2853,3389,-1314,152,-1466,-414,-92,526,618,-299,40,-339
310M200US40940,40940,"Safford, AZ Micro Area",446,1584,3026,1442,-1163,36,-1199,-292,338,608,270,-644,12,-656
310M200US41220,41220,"St. Marys, GA Micro Area",1589,2652,4246,1594,-1142,653,-1795,129,508,818,310,-419,141,-560
310M200US41400,41400,"Salem, OH Micro Area",-3035,-439,5767,6206,-2441,75,-2516,-791,-69,1105,1174,-638,16,-654
310M200US41460,41460,"Salina, KS Micro Area",-31,1383,4387,3004,-1312,358,-1670,-38,306,825,519,-324,76,-400
310M200US41760,41760,"Sandpoint, ID Micro Area",982,29,2090,2061,791,65,726,326,24,417,393,269,15,254
310M200US41780,41780,"Sandusky, OH Micro Area",-1529,-573,4188,4761,-1020,176,-1196,-310,-75,816,891,-326,42,-368
310M200US41820,41820,"Sanford, NC Micro Area",1794,1492,4233,2741,346,449,-103,72,244,770,526,-181,104,-285
310M200US42300,42300,"Sault Ste. Marie, MI Micro Area",-640,0,1843,1843,-687,280,-967,-287,-3,342,345,-265,59,-324
310M200US42380,42380,"Sayre, PA Micro Area",-1341,146,3703,3557,-1344,98,-1442,-392,-26,663,689,-280,20,-300
310M200US42420,42420,"Scottsbluff, NE Micro Area",-662,501,2679,2178,-1146,68,-1214,-211,111,486,375,-293,17,-310
310M200US42460,42460,"Scottsboro, AL Micro Area",-807,-458,2993,3451,-342,186,-528,-212,-96,549,645,-132,40,-172
310M200US42620,42620,"Searcy, AR Micro Area",2085,1051,5235,4184,931,415,516,518,217,996,779,241,98,143
310M200US42740,42740,"Sedalia, MO Micro Area",54,905,3069,2164,-736,232,-968,42,193,571,378,-112,52,-164
310M200US42780,42780,"Selinsgrove, PA Micro Area",735,479,2321,1842,266,160,106,189,114,456,342,55,35,20
310M200US42820,42820,"Selma, AL Micro Area",-2689,223,2965,2742,-2956,-8,-2948,-531,42,572,530,-609,-1,-608
310M200US42860,42860,"Seneca, SC Micro Area",1438,-329,4086,4415,1814,196,1618,481,-124,739,863,585,51,534
310M200US42900,42900,"Seneca Falls, NY Micro Area",-411,333,2003,1670,-644,88,-732,-57,65,378,313,-63,20,-83
310M200US42940,42940,"Sevierville, TN Micro Area",6070,532,5425,4893,5264,953,4311,1057,96,1051,955,859,207,652
310M200US42980,42980,"Seymour, IN Micro Area",1689,738,3031,2293,937,525,412,266,188,607,419,76,121,-45
310M200US43020,43020,"Shawano, WI Micro Area",-310,230,2805,2575,-559,229,-788,-207,76,535,459,-284,50,-334
310M200US43060,43060,"Shawnee, OK Micro Area",2433,855,4937,4082,1524,154,1370,73,147,933,786,-128,34,-162
310M200US43140,43140,"Shelby, NC Micro Area",-1204,-350,5635,5985,-847,235,-1082,-128,-119,1062,1181,-48,52,-100
310M200US43180,43180,"Shelbyville, TN Micro Area",2125,924,3250,2326,1138,414,724,755,202,634,432,516,89,427
310M200US43220,43220,"Shelton, WA Micro Area",324,3,3287,3284,480,451,29,329,-6,604,610,369,103,266
310M200US43260,43260,"Sheridan, WY Micro Area",893,186,1767,1581,609,166,443,-11,20,338,318,-66,33,-99
310M200US43320,43320,"Show Low, AZ Micro Area",786,3664,8600,4936,-2931,228,-3159,158,634,1597,963,-529,55,-584
310M200US43380,43380,"Sidney, OH Micro Area",-522,1038,3240,2202,-1546,257,-1803,-41,212,618,406,-241,55,-296
310M200US43460,43460,"Sikeston, MO Micro Area",-179,497,2712,2215,-654,53,-707,152,63,500,437,79,10,69
310M200US43500,43500,"Silver City, NM Micro Area",-905,-138,1655,1793,-771,155,-926,-393,-28,303,331,-364,26,-390
310M200US43660,43660,"Snyder, TX Micro Area",694,447,1354,907,246,24,222,259,94,261,167,152,7,145
310M200US43700,43700,"Somerset, KY Micro Area",719,-144,3839,3983,867,100,767,-16,-54,703,757,38,24,14
310M200US43740,43740,"Somerset, PA Micro Area",-2226,-1407,3551,4958,-789,107,-896,-704,-281,650,931,-440,23,-463
310M200US43760,43760,"Sonora, CA Micro Area",-1656,-663,2455,3118,-882,276,-1158,-163,-64,481,545,-35,59,-94
310M200US43940,43940,"Spearfish, SD Micro Area",730,112,1240,1128,596,59,537,110,23,227,204,89,15,74
310M200US43980,43980,"Spencer, IA Micro Area",-160,63,1065,1002,-196,12,-208,-13,41,213,172,-37,4,-41
310M200US44020,44020,"Spirit Lake, IA Micro Area",444,-166,861,1027,621,19,602,183,-9,167,176,186,5,181
310M200US44260,44260,"Starkville, MS Micro Area",2129,1405,2975,1570,641,730,-89,457,206,571,365,252,158,94
310M200US44340,44340,"Statesboro, GA Micro Area",2434,1842,4401,2559,438,781,-343,434,363,854,491,60,169,-109
310M200US44460,44460,"Steamboat Springs, CO Micro Area",624,626,1126,500,2,63,-61,213,104,208,104,150,14,136
310M200US44500,44500,"Stephenville, TX Micro Area",3232,917,2544,1627,2166,122,2044,505,164,491,327,314,31,283
310M200US44540,44540,"Sterling, CO Micro Area",-673,205,1223,1018,-933,2,-935,82,47,246,199,38,10,28
310M200US44580,44580,"Sterling, IL Micro Area",-1419,91,3414,3323,-1448,80,-1528,-5,52,649,597,-79,15,-94
310M200US44620,44620,"Stevens Point, WI Micro Area",389,943,3658,2715,-540,257,-797,-92,174,675,501,-263,58,-321
310M200US44660,44660,"Stillwater, OK Micro Area",3500,1918,4797,2879,1557,2170,-613,545,359,913,554,131,467,-336
310M200US44740,44740,"Storm Lake, IA Micro Area",233,758,1724,966,-485,408,-893,-187,180,343,163,-353,99,-452
310M200US44780,44780,"Sturgis, MI Micro Area",-277,1242,4364,3122,-1372,282,-1654,-102,291,843,552,-272,65,-337
310M200US44860,44860,"Sulphur Springs, TX Micro Area",1062,445,2407,1962,533,35,498,366,77,443,366,262,11,251
310M200US44900,44900,"Summerville, GA Micro Area",-1093,-162,1457,1619,-894,87,-981,30,-20,278,298,82,19,63
310M200US44920,44920,"Summit Park, UT Micro Area",3306,1567,2282,715,1804,463,1341,497,280,421,141,246,101,145
310M200US44980,44980,"Sunbury, PA Micro Area",-1268,-1011,5023,6034,-147,289,-436,-524,-143,939,1082,-375,63,-438
310M200US45000,45000,"Susanville, CA Micro Area",-3550,328,1553,1225,-3877,183,-4060,-387,70,281,211,-432,41,-473
310M200US45020,45020,"Sweetwater, TX Micro Area",-110,154,1077,923,-299,35,-334,2,50,223,173,-50,8,-58
310M200US45140,45140,"Tahlequah, OK Micro Area",1462,726,3250,2524,736,58,678,145,134,614,480,34,13,21
310M200US45180,45180,"Talladega-Sylacauga, AL Micro Area",-2463,-745,5060,5805,-1653,228,-1881,-479,-162,959,1121,-345,56,-401
310M200US45340,45340,"Taos, NM Micro Area",-33,223,1644,1421,-293,95,-388,-134,25,303,278,-185,20,-205
310M200US45380,45380,"Taylorville, IL Micro Area",-1158,-193,1890,2083,-979,87,-1066,-275,-15,358,373,-273,18,-291
310M200US45520,45520,"The Dalles, OR Micro Area",562,5,1564,1559,497,62,435,268,22,306,284,215,15,200
310M200US45580,45580,"Thomaston, GA Micro Area",-785,-202,1690,1892,-550,9,-559,128,-58,311,369,208,0,208
310M200US45620,45620,"Thomasville, GA Micro Area",344,497,3117,2620,-155,111,-266,73,117,616,499,-26,23,-49
310M200US45660,45660,"Tiffin, OH Micro Area",-1135,23,3066,3043,-1178,212,-1390,-141,51,593,542,-213,46,-259
310M200US45700,45700,"Tifton, GA Micro Area",642,969,2978,2009,-405,166,-571,145,193,585,392,-58,33,-91
310M200US45740,45740,"Toccoa, GA Micro Area",-586,-110,1623,1733,-518,100,-618,131,24,328,304,82,21,61
310M200US45860,45860,"Torrington, CT Micro Area",-6324,-1430,7708,9138,-4588,868,-5456,-1307,-309,1419,1728,-904,189,-1093
310M200US45900,45900,"Traverse City, MI Micro Area",4962,94,7500,7406,4656,243,4413,771,112,1487,1375,592,54,538
310M200US45980,45980,"Troy, AL Micro Area",147,260,1987,1727,-160,557,-717,-44,31,368,337,-88,120,-208
310M200US46020,46020,"Truckee-Grass Valley, CA Micro Area",129,-566,4268,4834,936,186,750,114,-40,853,893,212,48,164
310M200US46100,46100,"Tullahoma-Manchester, TN Micro Area",1839,-432,5755,6187,2292,142,2150,696,30,1135,1105,614,37,577
310M200US46180,46180,"Tupelo, MS Micro Area",3549,2090,9725,7635,1220,149,1071,261,329,1833,1504,-139,35,-174
310M200US46300,46300,"Twin Falls, ID Micro Area",5585,3968,8502,4534,1616,1251,365,1291,744,1637,893,536,274,262
310M200US46380,46380,"Ukiah, CA Micro Area",-191,1209,5568,4359,-1256,459,-1715,-34,186,1025,839,-188,99,-287
310M200US46460,46460,"Union City, TN-KY Micro Area",-1743,-400,2204,2604,-1332,24,-1356,-257,-96,396,492,-173,8,-181
310M200US46500,46500,"Urbana, OH Micro Area",-1110,122,2095,1973,-1211,109,-1320,-91,-11,372,383,-57,23,-80
310M200US46620,46620,"Uvalde, TX Micro Area",840,831,2152,1321,7,269,-262,31,184,433,249,-176,59,-235
310M200US46740,46740,"Valley, AL Micro Area",-47,-267,2129,2396,196,166,30,71,-28,429,457,80,34,46
310M200US46780,46780,"Van Wert, OH Micro Area",-182,125,1720,1595,-365,66,-431,120,48,349,301,43,14,29
310M200US46820,46820,"Vermillion, SD Micro Area",100,294,796,502,-213,153,-366,-27,72,154,82,-106,40,-146
310M200US46860,46860,"Vernal, UT Micro Area",5344,2596,3678,1082,2735,114,2621,965,554,762,208,438,28,410
310M200US46900,46900,"Vernon, TX Micro Area",-508,92,870,778,-570,45,-615,83,26,158,132,68,11,57
310M200US46980,46980,"Vicksburg, MS Micro Area",-1736,789,3870,3081,-2424,180,-2604,-508,131,737,606,-545,38,-583
310M200US47080,47080,"Vidalia, GA Micro Area",-154,705,2660,1955,-871,63,-934,24,122,504,382,-114,13,-127
310M200US47180,47180,"Vincennes, IN Micro Area",-513,194,2450,2256,-649,168,-817,82,64,454,390,48,37,11
310M200US47240,47240,"Vineyard Haven, MA Micro Area",764,150,857,707,631,31,600,-21,39,168,129,-52,8,-60
310M200US47340,47340,"Wabash, IN Micro Area",-750,-289,1856,2145,-530,77,-607,-144,-30,360,390,-156,18,-174
310M200US47420,47420,"Wahpeton, ND-MN Micro Area",-99,178,1266,1088,-289,12,-301,-92,47,256,209,-142,2,-144
310M200US47540,47540,"Wapakoneta, OH Micro Area",-73,321,2813,2492,-523,149,-672,-14,65,540,475,-128,32,-160
310M200US47620,47620,"Warren, PA Micro Area",-1419,-505,2152,2657,-830,86,-916,-324,-89,418,507,-204,18,-222
310M200US47660,47660,"Warrensburg, MO Micro Area",1356,1811,3813,2002,-481,918,-1399,-459,355,735,380,-831,193,-1024
310M200US47700,47700,"Warsaw, IN Micro Area",1264,1843,5378,3535,-420,284,-704,175,399,1057,658,-167,65,-232
310M200US47780,47780,"Washington, IN Micro Area",1252,1090,2826,1736,221,138,83,161,230,548,318,-52,28,-80
310M200US47820,47820,"Washington, NC Micro Area",-122,-334,2592,2926,192,169,23,138,-111,474,585,223,38,185
310M200US47920,47920,"Washington Court House, OH Micro Area",-351,59,1864,1805,-444,34,-478,-11,25,343,318,-46,8,-54
310M200US47980,47980,"Watertown, SD Micro Area",712,770,2019,1249,-23,121,-144,-21,170,399,229,-183,29,-212
310M200US48020,48020,"Watertown-Fort Atkinson, WI Micro Area",878,1437,4714,3277,-422,314,-736,187,226,874,648,-34,70,-104
310M200US48100,48100,"Wauchula, FL Micro Area",-229,1034,2074,1040,-1289,591,-1880,61,212,395,183,-155,140,-295
310M200US48180,48180,"Waycross, GA Micro Area",-591,514,3797,3283,-1140,159,-1299,-43,118,709,591,-150,32,-182
310M200US48220,48220,"Weatherford, OK Micro Area",2275,1031,2530,1499,1244,223,1021,157,233,510,277,-68,53,-121
310M200US48460,48460,"West Plains, MO Micro Area",-283,133,2714,2581,-399,54,-453,1,20,504,484,-27,10,-37
310M200US48580,48580,"Whitewater-Elkhorn, WI Micro Area",576,760,5435,4675,-245,324,-569,-695,117,1011,894,-787,77,-864
310M200US48780,48780,"Williston, ND Micro Area",12896,1563,2744,1181,11202,-40,11242,3165,485,699,214,2689,-7,2696
310M200US48820,48820,"Willmar, MN Micro Area",303,1026,3019,1993,-683,605,-1288,77,236,595,359,-141,133,-274
310M200US48940,48940,"Wilmington, OH Micro Area",-120,420,2659,2239,-495,161,-656,37,92,510,418,-30,38,-68
310M200US48980,48980,"Wilson, NC Micro Area",480,682,5020,4338,-352,574,-926,320,82,936,854,195,135,60
310M200US49080,49080,"Winnemucca, NV Micro Area",494,779,1378,599,-238,72,-310,-209,154,257,103,-311,15,-326
310M200US49100,49100,"Winona, MN Micro Area",-576,431,2488,2057,-1013,428,-1441,-222,72,492,420,-312,92,-404
310M200US49220,49220,"Wisconsin Rapids-Marshfield, WI Micro Area",-1314,466,4381,3915,-1744,180,-1924,-162,57,792,735,-251,40,-291
310M200US49260,49260,"Woodward, OK Micro Area",1478,650,1694,1044,824,88,736,74,96,339,243,-36,23,-59
310M200US49300,49300,"Wooster, OH Micro Area",1549,2554,8094,5540,-977,408,-1385,321,551,1605,1054,-293,87,-380
310M200US49380,49380,"Worthington, MN Micro Area",392,948,1901,953,-501,992,-1493,117,190,371,181,-55,211,-266
310M200US49460,49460,"Yankton, SD Micro Area",264,271,1375,1104,33,25,8,7,79,270,191,-39,7,-46
310M200US49780,49780,"Zanesville, OH Micro Area",216,520,5442,4922,-242,274,-516,344,85,1023,938,222,61,161
310M200US49820,49820,"Zapata, TX Micro Area",356,1060,1510,450,-708,18,-726,41,165,266,101,-116,6,-122
