GEO.id,GEO.id2,GEO.display-label,popchg4201072018,natinc4201072018,births4201072018,deaths4201072018,netmig4201072018,intlmig4201072018,dommig4201072018,popchg20172018,natinc20172018,births20172018,deaths20172018,netmig20172018,intlmig20172018,dommig20172018
Id,Id2,Geography,"Cumulative Estimates of the Components of Population Change - April 1, 2010 to July 1, 2018 - Total Population Change [1]","Cumulative Estimates of the Components of Population Change - April 1, 2010 to July 1, 2018 - Natural Increase","Cumulative Estimates of the Components of Population Change - April 1, 2010 to July 1, 2018 - Vital Events - Births","Cumulative Estimates of the Components of Population Change - April 1, 2010 to July 1, 2018 - Vital Events - Deaths","Cumulative Estimates of the Components of Population Change - April 1, 2010 to July 1, 2018 - Net Migration - Total","Cumulative Estimates of the Components of Population Change - April 1, 2010 to July 1, 2018 - Net Migration - International [2]","Cumulative Estimates of the Components of Population Change - April 1, 2010 to July 1, 2018 - Net Migration - Domestic","Annual Estimates of the Components of Population Change - July 1, 2017 to July 1, 2018 - Total Population Change [1]","Annual Estimates of the Components of Population Change - July 1, 2017 to July 1, 2018 - Natural Increase","Annual Estimates of the Components of Population Change - July 1, 2017 to July 1, 2018 - Vital Events - Births","Annual Estimates of the Components of Population Change - July 1, 2017 to July 1, 2018 - Vital Events - Deaths","Annual Estimates of the Components of Population Change - July 1, 2017 to July 1, 2018 - Net Migration - Total","Annual Estimates of the Components of Population Change - July 1, 2017 to July 1, 2018 - Net Migration - International [2]","Annual Estimates of the Components of Population Change - July 1, 2017 to July 1, 2018 - Net Migration - Domestic"
310M400US10100,10100,"Aberdeen, SD Micro Area",2588,1084,4515,3431,1508,1062,446,-44,179,568,389,-224,209,-433
310M400US10140,10140,"Aberdeen, WA Micro Area",1103,-335,6429,6764,1436,152,1284,1348,-118,742,860,1461,8,1453
310M400US10220,10220,"Ada, OK Micro Area",757,871,4523,3652,-84,329,-413,-107,28,541,513,-135,31,-166
310M400US10300,10300,"Adrian, MI Micro Area",-1626,421,8633,8212,-2044,341,-2385,-216,29,1026,997,-242,59,-301
310M400US10460,10460,"Alamogordo, NM Micro Area",2949,2745,7536,4791,122,3533,-3411,583,367,952,585,221,227,-6
310M400US10620,10620,"Albemarle, NC Micro Area",1489,-38,5553,5591,1575,255,1320,624,-12,699,711,638,36,602
310M400US10660,10660,"Albert Lea, MN Micro Area",-810,-180,2810,2990,-618,146,-764,-93,-38,321,359,-53,14,-67
310M400US10700,10700,"Albertville, AL Micro Area",3090,1831,10873,9042,1350,722,628,500,231,1363,1132,273,43,230
310M400US10760,10760,"Alexander City, AL Micro Area",-1121,-631,3765,4396,-475,-25,-450,-116,-147,409,556,34,-10,44
310M400US10820,10820,"Alexandria, MN Micro Area",1955,85,3414,3329,1896,55,1841,408,7,426,419,403,3,400
310M400US10860,10860,"Alice, TX Micro Area",-14,1924,5215,3291,-1943,369,-2312,-108,159,549,390,-268,57,-325
310M400US10940,10940,"Alma, MI Micro Area",-1877,-292,3304,3596,-1594,99,-1693,-412,-67,364,431,-345,6,-351
310M400US10980,10980,"Alpena, MI Micro Area",-1241,-851,2147,2998,-367,29,-396,-78,-103,240,343,27,3,24
310M400US11060,11060,"Altus, OK Micro Area",-1497,1449,3535,2086,-2983,659,-3642,-264,209,414,205,-472,33,-505
310M400US11140,11140,"Americus, GA Micro Area",-2858,497,3690,3193,-3406,142,-3548,-102,23,429,406,-124,28,-152
310M400US11220,11220,"Amsterdam, NY Micro Area",-803,88,4842,4754,-882,1162,-2044,239,15,559,544,228,234,-6
310M400US11380,11380,"Andrews, TX Micro Area",3342,1453,2477,1024,1839,231,1608,497,135,274,139,362,31,331
310M400US11420,11420,"Angola, IN Micro Area",413,584,3193,2609,-144,65,-209,165,62,406,344,105,8,97
310M400US11580,11580,"Arcadia, FL Micro Area",2627,564,3142,2578,2067,1429,638,237,36,380,344,199,232,-33
310M400US11620,11620,"Ardmore, OK Micro Area",444,415,5459,5044,61,161,-100,-118,0,642,642,-116,11,-127
310M400US11660,11660,"Arkadelphia, AR Micro Area",-932,-120,1968,2088,-812,91,-903,-119,-17,224,241,-101,5,-106
310M400US11680,11680,"Arkansas City-Winfield, KS Micro Area",-1091,57,3605,3548,-1151,445,-1596,-138,-33,374,407,-105,39,-144
310M400US11740,11740,"Ashland, OH Micro Area",605,487,5037,4550,132,723,-591,60,32,588,556,31,85,-54
310M400US11780,11780,"Ashtabula, OH Micro Area",-3997,-436,9157,9593,-3557,464,-4021,-199,-46,1087,1133,-150,82,-232
310M400US11820,11820,"Astoria, OR Micro Area",2738,186,3424,3238,2546,164,2382,645,-24,392,416,669,6,663
310M400US11860,11860,"Atchison, KS Micro Area",-728,175,1677,1502,-909,-16,-893,-108,26,194,168,-134,-4,-130
310M400US11900,11900,"Athens, OH Micro Area",1054,445,4439,3994,504,2426,-1922,-846,21,514,493,-879,251,-1130
310M400US11940,11940,"Athens, TN Micro Area",1006,-727,4698,5425,1774,517,1257,390,-71,574,645,462,68,394
310M400US11980,11980,"Athens, TX Micro Area",3765,-1111,7457,8568,4907,430,4477,1238,-213,910,1123,1447,64,1383
310M400US12120,12120,"Atmore, AL Micro Area",-1572,-194,3684,3878,-1365,21,-1386,-251,-50,435,485,-201,3,-204
310M400US12140,12140,"Auburn, IN Micro Area",997,1055,4380,3325,-33,-42,9,404,121,533,412,284,-11,295
310M400US12180,12180,"Auburn, NY Micro Area",-2872,200,6396,6196,-3068,410,-3478,-318,47,751,704,-364,46,-410
310M400US12300,12300,"Augusta-Waterville, ME Micro Area",-71,-1043,9732,10775,1067,430,637,154,-224,1132,1356,386,11,375
310M400US12380,12380,"Austin, MN Micro Area",848,980,4159,3179,-110,924,-1034,312,112,503,391,204,114,90
310M400US12460,12460,"Bainbridge, GA Micro Area",-1267,463,3044,2581,-1740,-65,-1675,-99,35,376,341,-135,-7,-128
310M400US12660,12660,"Baraboo, WI Micro Area",2284,1370,6354,4984,975,378,597,331,157,771,614,179,46,133
310M400US12680,12680,"Bardstown, KY Micro Area",2408,1602,4775,3173,829,-29,858,239,137,553,416,103,-4,107
310M400US12740,12740,"Barre, VT Micro Area",-1382,232,4665,4433,-1586,173,-1759,-143,-19,518,537,-121,48,-169
310M400US12780,12780,"Bartlesville, OK Micro Area",866,212,5280,5068,694,738,-44,-173,-32,619,651,-140,70,-210
310M400US12820,12820,"Bastrop, LA Micro Area",-2581,-72,2981,3053,-2530,40,-2570,-289,-2,339,341,-287,3,-290
310M400US12860,12860,"Batavia, NY Micro Area",-2432,-198,4892,5090,-2231,222,-2453,-305,-69,566,635,-235,20,-255
310M400US12900,12900,"Batesville, AR Micro Area",1037,369,3829,3460,684,174,510,269,32,456,424,239,9,230
310M400US13060,13060,"Bay City, TX Micro Area",-150,1322,4425,3103,-1467,63,-1530,-259,162,543,381,-420,6,-426
310M400US13100,13100,"Beatrice, NE Micro Area",-818,-289,1981,2270,-531,-27,-504,-122,-11,240,251,-112,-4,-108
310M400US13180,13180,"Beaver Dam, WI Micro Area",-912,-484,6798,7282,-371,139,-510,97,-82,780,862,186,4,182
310M400US13260,13260,"Bedford, IN Micro Area",-461,-535,3994,4529,119,112,7,43,-70,485,555,116,2,114
310M400US13300,13300,"Beeville, TX Micro Area",726,1014,3078,2064,-288,50,-338,-12,105,339,234,-117,1,-118
310M400US13340,13340,"Bellefontaine, OH Micro Area",-493,461,4446,3985,-933,146,-1079,76,10,502,492,69,14,55
310M400US13420,13420,"Bemidji, MN Micro Area",2405,2312,5696,3384,120,357,-237,363,228,661,433,137,38,99
310M400US13500,13500,"Bennettsville, SC Micro Area",-2537,-336,2438,2774,-2215,64,-2279,-304,-52,260,312,-253,9,-262
310M400US13540,13540,"Bennington, VT Micro Area",-1494,-861,2761,3622,-617,255,-872,-82,-128,308,436,49,73,-24
310M400US13620,13620,"Berlin, NH-VT Micro Area",-1519,-1568,2474,4042,3,55,-52,42,-215,269,484,258,7,251
310M400US13660,13660,"Big Rapids, MI Micro Area",747,324,3435,3111,428,545,-117,187,19,383,364,167,62,105
310M400US13700,13700,"Big Spring, TX Micro Area",1609,673,3893,3220,909,884,25,289,96,458,362,194,122,72
310M400US13720,13720,"Big Stone Gap, VA Micro Area",-4817,-1063,5166,6229,-3785,177,-3962,-721,-157,554,711,-567,29,-596
310M400US13940,13940,"Blackfoot, ID Micro Area",631,3016,5879,2863,-2419,143,-2562,332,283,644,361,51,27,24
310M400US14140,14140,"Bluefield, WV-VA Micro Area",-7347,-2987,9558,12545,-4319,124,-4443,-961,-513,1038,1551,-441,-5,-436
310M400US14180,14180,"Blytheville, AR Micro Area",-5241,1129,5301,4172,-6435,-39,-6396,-834,75,587,512,-913,-16,-897
310M400US14220,14220,"Bogalusa, LA Micro Area",-558,100,4889,4789,-632,-81,-551,-27,-16,613,629,-8,-11,3
310M400US14300,14300,"Bonham, TX Micro Area",1376,-610,2835,3445,2013,274,1739,714,-72,363,435,785,47,738
310M400US14340,14340,"Boone, IA Micro Area",38,-21,2414,2435,74,-63,137,-130,-28,266,294,-101,-11,-90
310M400US14380,14380,"Boone, NC Micro Area",4888,137,2979,2842,4700,127,4573,857,-17,381,398,865,23,842
310M400US14420,14420,"Borger, TX Micro Area",-1051,468,2445,1977,-1531,131,-1662,-164,69,286,217,-236,10,-246
310M400US14580,14580,"Bozeman, MT Micro Area",22363,5281,9687,4406,16853,1461,15392,3220,713,1282,569,2488,193,2295
310M400US14620,14620,"Bradford, PA Micro Area",-2491,-834,3450,4284,-1642,89,-1731,-361,-154,352,506,-206,11,-217
310M400US14660,14660,"Brainerd, MN Micro Area",3331,680,8622,7942,2715,270,2445,757,-9,979,988,767,25,742
310M400US14700,14700,"Branson, MO Micro Area",3716,-258,7297,7555,3996,209,3787,818,-33,891,924,851,17,834
310M400US14720,14720,"Breckenridge, CO Micro Area",3013,1844,2333,489,1126,1104,22,3,212,281,69,-210,130,-340
310M400US14780,14780,"Brenham, TX Micro Area",1413,248,3362,3114,1180,321,859,211,26,402,376,189,20,169
310M400US14820,14820,"Brevard, NC Micro Area",1124,-1123,2192,3315,2254,26,2228,390,-135,257,392,524,7,517
310M400US15020,15020,"Brookhaven, MS Micro Area",-665,257,3639,3382,-905,43,-948,-115,-6,412,418,-108,2,-110
310M400US15060,15060,"Brookings, OR Micro Area",448,-1560,1478,3038,1996,-164,2160,137,-183,174,357,318,-23,341
310M400US15100,15100,"Brookings, SD Micro Area",3270,1833,3423,1590,1444,1519,-75,564,228,417,189,336,340,-4
310M400US15140,15140,"Brownsville, TN Micro Area",-1472,149,1753,1604,-1634,40,-1674,-261,-30,189,219,-230,8,-238
310M400US15220,15220,"Brownwood, TX Micro Area",-182,-602,3439,4041,445,270,175,54,-70,396,466,126,36,90
310M400US15340,15340,"Bucyrus, OH Micro Area",-2233,-514,3927,4441,-1716,141,-1857,-191,-70,459,529,-119,20,-139
310M400US15420,15420,"Burley, ID Micro Area",1670,2815,5819,3004,-1154,486,-1640,196,345,699,354,-148,28,-176
310M400US15460,15460,"Burlington, IA-IL Micro Area",-1806,-151,4311,4462,-1646,148,-1794,-292,-14,488,502,-276,22,-298
310M400US15580,15580,"Butte-Silver Bow, MT Micro Area",784,-122,3265,3387,925,821,104,78,-23,389,412,101,148,-47
310M400US15620,15620,"Cadillac, MI Micro Area",993,549,4776,4227,472,181,291,292,52,547,495,241,22,219
310M400US15660,15660,"Calhoun, GA Micro Area",2499,1662,5755,4093,865,348,517,498,145,683,538,357,38,319
310M400US15700,15700,"Cambridge, MD Micro Area",-625,-27,3071,3098,-580,317,-897,-147,-47,346,393,-98,75,-173
310M400US15740,15740,"Cambridge, OH Micro Area",-1069,14,3772,3758,-1063,54,-1117,-49,-31,436,467,-15,16,-31
310M400US15780,15780,"Camden, AR Micro Area",-2613,-694,2712,3406,-1932,50,-1982,-165,-102,284,386,-63,4,-67
310M400US15820,15820,"Campbellsville, KY Micro Area",1049,324,2744,2420,718,347,371,-13,19,339,320,-28,38,-66
310M400US15860,15860,"Cañon City, CO Micro Area",1197,-1341,3097,4438,2510,140,2370,414,-163,376,539,576,-4,580
310M400US15900,15900,"Canton, IL Micro Area",-2225,-842,2882,3724,-1366,27,-1393,-251,-105,347,452,-144,2,-146
310M400US16100,16100,"Carlsbad-Artesia, NM Micro Area",4077,2285,6840,4555,1775,642,1133,695,262,799,537,432,107,325
310M400US16140,16140,"Carroll, IA Micro Area",-662,133,2147,2014,-795,36,-831,-119,-2,252,254,-117,4,-121
310M400US16260,16260,"Cedar City, UT Micro Area",6612,4520,6998,2478,2076,-52,2128,1953,512,832,320,1440,-10,1450
310M400US16340,16340,"Cedartown, GA Micro Area",991,726,4660,3934,267,336,-69,560,69,581,512,490,33,457
310M400US16380,16380,"Celina, OH Micro Area",145,1340,4695,3355,-1190,123,-1313,49,230,605,375,-182,25,-207
310M400US16420,16420,"Central City, KY Micro Area",-725,-294,2884,3178,-423,-18,-405,-149,-71,353,424,-77,-3,-74
310M400US16460,16460,"Centralia, IL Micro Area",-1817,-94,4076,4170,-1715,137,-1852,-201,68,484,416,-272,22,-294
310M400US16500,16500,"Centralia, WA Micro Area",4147,466,7455,6989,3696,406,3290,1374,73,955,882,1297,55,1242
310M400US16660,16660,"Charleston-Mattoon, IL Micro Area",-3228,73,5204,5131,-3328,530,-3858,-519,10,612,602,-531,77,-608
310M400US17060,17060,"Chillicothe, OH Micro Area",-1147,147,6908,6761,-1267,189,-1456,-389,14,819,805,-404,18,-422
310M400US17200,17200,"Claremont-Lebanon, NH-VT Micro Area",-1263,-1413,15651,17064,302,2799,-2497,-57,-230,1815,2045,185,317,-132
310M400US17220,17220,"Clarksburg, WV Micro Area",-1375,-948,8383,9331,-378,9,-387,-540,-219,902,1121,-319,-4,-315
310M400US17260,17260,"Clarksdale, MS Micro Area",-3517,930,3411,2481,-4490,-12,-4478,-557,61,349,288,-621,-5,-616
310M400US17340,17340,"Clearlake, CA Micro Area",-282,-803,6076,6879,558,-123,681,220,-86,736,822,307,-20,327
310M400US17380,17380,"Cleveland, MS Micro Area",-2820,739,4110,3371,-3578,100,-3678,-562,15,423,408,-580,17,-597
310M400US17500,17500,"Clewiston, FL Micro Area",2413,2523,4858,2335,-207,2800,-3007,412,255,569,314,157,500,-343
310M400US17540,17540,"Clinton, IA Micro Area",-2599,168,4705,4537,-2777,225,-3002,-384,21,539,518,-404,27,-431
310M400US17580,17580,"Clovis, NM Micro Area",1061,4228,7428,3200,-3238,1408,-4646,-405,443,824,381,-846,-14,-832
310M400US17700,17700,"Coffeyville, KS Micro Area",-3348,-16,3540,3556,-3368,402,-3770,-268,-1,362,363,-268,24,-292
310M400US17740,17740,"Coldwater, MI Micro Area",-1626,695,4325,3630,-2361,453,-2814,199,73,493,420,128,58,70
310M400US18060,18060,"Columbus, MS Micro Area",-849,1553,6481,4928,-2388,810,-3198,-259,139,749,610,-396,36,-432
310M400US18100,18100,"Columbus, NE Micro Area",1126,1724,3985,2261,-595,577,-1172,81,195,473,278,-114,104,-218
310M400US18180,18180,"Concord, NH Micro Area",4675,102,11099,10997,4679,3457,1222,963,-32,1304,1336,1005,385,620
310M400US18220,18220,"Connersville, IN Micro Area",-1254,-614,1938,2552,-629,60,-689,-106,-75,210,285,-30,11,-41
310M400US18260,18260,"Cookeville, TN Micro Area",6608,25,10052,10027,6618,2107,4511,1636,-30,1195,1225,1658,279,1379
310M400US18300,18300,"Coos Bay, OR Micro Area",1335,-2159,5111,7270,3524,184,3340,608,-316,617,933,918,3,915
310M400US18380,18380,"Cordele, GA Micro Area",-829,428,2447,2019,-1284,125,-1409,-122,-15,270,285,-107,15,-122
310M400US18420,18420,"Corinth, MS Micro Area",-135,-176,3593,3769,72,111,-39,-278,-48,411,459,-228,35,-263
310M400US18460,18460,"Cornelia, GA Micro Area",2352,624,4187,3563,1722,107,1615,841,67,533,466,771,11,760
310M400US18500,18500,"Corning, NY Micro Area",-3194,734,8841,8107,-3909,371,-4280,-453,-46,980,1026,-407,37,-444
310M400US18620,18620,"Corsicana, TX Micro Area",1725,1470,5773,4303,280,130,150,786,148,713,565,640,12,628
310M400US18660,18660,"Cortland, NY Micro Area",-1471,354,3961,3607,-1826,177,-2003,-13,78,499,421,-91,24,-115
310M400US18740,18740,"Coshocton, OH Micro Area",-269,496,3747,3251,-748,57,-805,113,73,452,379,42,5,37
310M400US18780,18780,"Craig, CO Micro Area",-603,701,1494,793,-1331,54,-1385,93,79,169,90,15,6,9
310M400US18820,18820,"Crawfordsville, IN Micro Area",225,580,3777,3197,-334,171,-505,-51,66,451,385,-116,37,-153
310M400US18860,18860,"Crescent City, CA Micro Area",-782,317,2596,2279,-1135,8,-1143,400,29,308,279,368,-2,370
310M400US18900,18900,"Crossville, TN Micro Area",3611,-2032,4506,6538,5601,233,5368,668,-346,501,847,1011,38,973
310M400US18980,18980,"Cullman, AL Micro Area",3036,56,8106,8050,3037,284,2753,606,-62,977,1039,672,29,643
310M400US19000,19000,"Cullowhee, NC Micro Area",3066,301,3210,2909,2756,450,2306,135,12,377,365,125,46,79
310M400US19220,19220,"Danville, KY Micro Area",1571,385,5333,4948,1174,108,1066,288,73,679,606,218,14,204
310M400US19260,19260,"Danville, VA Micro Area",-4908,-2941,8478,11419,-1925,455,-2380,-721,-469,929,1398,-249,70,-319
310M400US19420,19420,"Dayton, TN Micro Area",1244,11,3183,3172,1248,330,918,302,-5,391,396,307,80,227
310M400US19540,19540,"Decatur, IN Micro Area",1249,3034,5534,2500,-1793,49,-1842,214,409,668,259,-194,5,-199
310M400US19580,19580,"Defiance, OH Micro Area",-865,422,3633,3211,-1294,310,-1604,-59,26,433,407,-84,45,-129
310M400US19620,19620,"Del Rio, TX Micro Area",329,4189,7158,2969,-3905,904,-4809,112,420,820,400,-307,61,-368
310M400US19700,19700,"Deming, NM Micro Area",-1132,763,3215,2452,-1893,111,-2004,-185,95,372,277,-278,21,-299
310M400US19760,19760,"DeRidder, LA Micro Area",1599,1024,4030,3006,585,214,371,406,46,460,414,360,8,352
310M400US19860,19860,"Dickinson, ND Micro Area",6798,1968,3860,1892,4641,532,4109,680,272,502,230,413,119,294
310M400US19940,19940,"Dixon, IL Micro Area",-1808,-159,2849,3008,-1655,42,-1697,-288,-78,326,404,-211,8,-219
310M400US19980,19980,"Dodge City, KS Micro Area",44,3470,5428,1958,-3474,1821,-5295,-400,387,618,231,-791,128,-919
310M400US20060,20060,"Douglas, GA Micro Area",739,1625,4862,3237,-929,183,-1112,208,186,590,404,24,10,14
310M400US20140,20140,"Dublin, GA Micro Area",-1384,747,6084,5337,-2126,31,-2157,-80,44,731,687,-120,0,-120
310M400US20180,20180,"DuBois, PA Micro Area",-2228,-1525,6166,7691,-639,441,-1080,-387,-215,732,947,-169,53,-222
310M400US20300,20300,"Dumas, TX Micro Area",-419,2304,3463,1159,-2773,1306,-4079,-393,268,403,135,-665,138,-803
310M400US20340,20340,"Duncan, OK Micro Area",-1783,-144,4451,4595,-1617,219,-1836,-146,-49,497,546,-95,27,-122
310M400US20380,20380,"Dunn, NC Micro Area",19533,7319,15128,7809,12037,1651,10386,1985,766,1851,1085,1208,39,1169
310M400US20420,20420,"Durango, CO Micro Area",4975,1772,4472,2700,3168,-13,3181,769,161,524,363,604,-8,612
310M400US20460,20460,"Durant, OK Micro Area",4776,775,4833,4058,3980,135,3845,732,44,595,551,687,12,675
310M400US20540,20540,"Dyersburg, TN Micro Area",-1010,227,3901,3674,-1234,122,-1356,-83,-1,457,458,-83,17,-100
310M400US20580,20580,"Eagle Pass, TX Micro Area",4227,5919,8982,3063,-1689,1728,-3417,258,689,1069,380,-432,213,-645
310M400US20660,20660,"Easton, MD Micro Area",-809,-851,2769,3620,81,108,-27,-52,-147,335,482,99,2,97
310M400US20780,20780,"Edwards, CO Micro Area",2797,4441,5348,907,-1674,905,-2579,1,485,622,137,-484,87,-571
310M400US20820,20820,"Effingham, IL Micro Area",-38,782,3683,2901,-812,144,-956,61,93,435,342,-31,21,-52
310M400US20900,20900,"El Campo, TX Micro Area",339,1115,4590,3475,-757,134,-891,-297,137,560,423,-434,8,-442
310M400US20980,20980,"El Dorado, AR Micro Area",-2513,-79,4258,4337,-2449,-18,-2431,-294,-67,480,547,-228,-1,-227
310M400US21020,21020,"Elizabeth City, NC Micro Area",-323,598,5846,5248,-941,757,-1698,274,104,679,575,171,78,93
310M400US21120,21120,"Elk City, OK Micro Area",-410,876,2844,1968,-1319,22,-1341,-95,34,285,251,-128,5,-133
310M400US21180,21180,"Elkins, WV Micro Area",-582,-473,2505,2978,-89,88,-177,-71,-69,290,359,2,8,-6
310M400US21220,21220,"Elko, NV Micro Area",3534,3546,6008,2462,-97,-72,-25,142,358,730,372,-218,-11,-207
310M400US21260,21260,"Ellensburg, WA Micro Area",6455,938,3384,2446,5479,645,4834,1207,113,425,312,1086,87,999
310M400US21380,21380,"Emporia, KS Micro Area",-286,1138,3435,2297,-1449,753,-2202,62,134,406,272,-70,31,-101
310M400US21460,21460,"Enterprise, AL Micro Area",1957,1139,5278,4139,808,669,139,132,111,652,541,23,18,5
310M400US21540,21540,"Escanaba, MI Micro Area",-1212,-607,2953,3560,-579,-3,-576,-39,-112,320,432,76,-2,78
310M400US21580,21580,"Española, NM Micro Area",-1214,1068,4388,3320,-2286,320,-2606,-185,-1,442,443,-183,26,-209
310M400US21640,21640,"Eufaula, AL-GA Micro Area",-2808,-274,2537,2811,-2550,33,-2583,-346,-66,285,351,-281,12,-293
310M400US21700,21700,"Eureka-Arcata-Fortuna, CA Micro Area",1762,1439,12236,10797,368,247,121,-154,82,1444,1362,-228,4,-232
310M400US21740,21740,"Evanston, WY Micro Area",-822,1354,2518,1164,-2207,-71,-2136,-157,129,276,147,-287,-1,-286
310M400US21840,21840,"Fairfield, IA Micro Area",1541,-98,1238,1336,1641,2187,-546,148,-34,152,186,182,271,-89
310M400US21860,21860,"Fairmont, MN Micro Area",-1058,-235,1835,2070,-819,22,-841,-73,-2,223,225,-69,4,-73
310M400US21900,21900,"Fairmont, WV Micro Area",-321,-117,5337,5454,-156,114,-270,-272,-45,621,666,-225,-5,-220
310M400US21980,21980,"Fallon, NV Micro Area",-437,387,2560,2173,-844,281,-1125,451,37,290,253,414,-19,433
310M400US22060,22060,"Faribault-Northfield, MN Micro Area",2381,2134,6070,3936,265,1350,-1085,350,258,774,516,95,156,-61
310M400US22100,22100,"Farmington, MO Micro Area",1325,-317,5983,6300,1656,-30,1686,39,-105,683,788,145,-7,152
310M400US22260,22260,"Fergus Falls, MN Micro Area",1509,-151,5402,5553,1721,482,1239,561,20,690,670,544,53,491
310M400US22280,22280,"Fernley, NV Micro Area",3828,44,4687,4643,3754,-209,3963,1893,-35,572,607,1917,-27,1944
310M400US22300,22300,"Findlay, OH Micro Area",1141,1526,7496,5970,-353,1053,-1406,61,173,892,719,-110,131,-241
310M400US22340,22340,"Fitzgerald, GA Micro Area",-850,132,1903,1771,-975,-17,-958,-214,-3,207,210,-210,-1,-209
310M400US22580,22580,"Forest City, NC Micro Area",-990,-1384,5565,6949,461,69,392,258,-189,660,849,449,3,446
310M400US22620,22620,"Forrest City, AR Micro Area",-2815,500,2830,2330,-3353,164,-3517,-499,-7,308,315,-494,19,-513
310M400US22700,22700,"Fort Dodge, IA Micro Area",-1736,-37,3633,3670,-1707,341,-2048,-366,7,428,421,-376,37,-413
310M400US22780,22780,"Fort Leonard Wood, MO Micro Area",-260,4263,6710,2447,-4621,2509,-7130,168,459,744,285,-289,34,-323
310M400US22800,22800,"Fort Madison-Keokuk, IA-IL-MO Micro Area",-3354,-294,5609,5903,-3059,91,-3150,-202,-16,652,668,-184,11,-195
310M400US22820,22820,"Fort Morgan, CO Micro Area",399,1464,3593,2129,-1078,811,-1889,330,168,420,252,162,93,69
310M400US22840,22840,"Fort Payne, AL Micro Area",269,600,6953,6353,-280,433,-713,-19,10,817,807,-25,34,-59
310M400US22860,22860,"Fort Polk South, LA Micro Area",-3474,5368,8551,3183,-8980,1527,-10507,-1659,569,953,384,-2238,-51,-2187
310M400US23140,23140,"Frankfort, IN Micro Area",-969,743,3672,2929,-1729,84,-1813,43,119,440,321,-77,4,-81
310M400US23180,23180,"Frankfort, KY Micro Area",2748,840,6815,5975,1969,561,1408,456,102,810,708,357,73,284
310M400US23240,23240,"Fredericksburg, TX Micro Area",1968,-786,2079,2865,2753,342,2411,274,-117,263,380,392,31,361
310M400US23300,23300,"Freeport, IL Micro Area",-2958,-444,4005,4449,-2528,190,-2718,-228,-111,440,551,-115,31,-146
310M400US23340,23340,"Fremont, NE Micro Area",106,422,4011,3589,-306,391,-697,-3,76,482,406,-78,73,-151
310M400US23380,23380,"Fremont, OH Micro Area",-2147,249,5505,5256,-2395,65,-2460,-313,12,633,621,-324,7,-331
310M400US23500,23500,"Gaffney, SC Micro Area",1590,515,5540,5025,1120,-102,1222,153,25,640,615,129,-13,142
310M400US23620,23620,"Gainesville, TX Micro Area",2135,1160,4489,3329,981,386,595,590,152,563,411,438,50,388
310M400US23660,23660,"Galesburg, IL Micro Area",-2813,-974,4544,5518,-1806,733,-2539,-516,-33,553,586,-481,106,-587
310M400US23700,23700,"Gallup, NM Micro Area",805,4285,9114,4829,-3491,816,-4307,-284,253,878,625,-540,174,-714
310M400US23780,23780,"Garden City, KS Micro Area",-213,4130,6170,2040,-4401,1251,-5652,-239,445,679,234,-687,69,-756
310M400US23820,23820,"Gardnerville Ranchos, NV Micro Area",1470,-1168,2685,3853,2674,36,2638,449,-287,245,532,733,6,727
310M400US23860,23860,"Georgetown, SC Micro Area",1921,-1346,4757,6103,3294,94,3200,408,-297,558,855,704,15,689
310M400US23940,23940,"Gillette, WY Micro Area",7,3973,6041,2068,-4030,28,-4058,-111,301,615,314,-415,43,-458
310M400US23980,23980,"Glasgow, KY Micro Area",1931,522,5592,5070,1437,255,1182,312,11,667,656,302,26,276
310M400US24060,24060,"Glenwood Springs, CO Micro Area",4182,4917,7890,2973,-776,865,-1641,655,562,964,402,93,92,1
310M400US24100,24100,"Gloversville, NY Micro Area",-1929,-614,4357,4971,-1304,101,-1405,-186,-84,490,574,-101,5,-106
310M400US24330,24330,"Grand Rapids, MN Micro Area",57,-393,3843,4236,499,69,430,-53,-28,450,478,-21,11,-32
310M400US24380,24380,"Grants, NM Micro Area",-469,912,3042,2130,-1388,185,-1573,-149,32,305,273,-180,11,-191
310M400US24460,24460,"Great Bend, KS Micro Area",-1561,434,2903,2469,-1993,54,-2047,-321,5,315,310,-328,-1,-327
310M400US24620,24620,"Greeneville, TN Micro Area",262,-1976,5258,7234,2283,73,2210,328,-277,649,926,604,6,598
310M400US24640,24640,"Greenfield Town, MA Micro Area",-414,-673,5024,5697,302,1601,-1299,176,-131,577,708,314,254,60
310M400US24700,24700,"Greensburg, IN Micro Area",1055,679,2844,2165,398,164,234,142,90,366,276,53,10,43
310M400US24740,24740,"Greenville, MS Micro Area",-6072,1251,6092,4841,-7402,71,-7473,-1139,-3,603,606,-1143,4,-1147
310M400US24820,24820,"Greenville, OH Micro Area",-1646,306,5107,4801,-1947,76,-2023,-254,45,619,574,-300,14,-314
310M400US24900,24900,"Greenwood, MS Micro Area",-4149,843,4714,3871,-5064,96,-5160,-611,71,526,455,-685,2,-687
310M400US24940,24940,"Greenwood, SC Micro Area",172,660,8981,8321,-440,854,-1294,135,-102,965,1067,243,129,114
310M400US24980,24980,"Grenada, MS Micro Area",-850,-153,2242,2395,-692,-26,-666,-1,-11,269,280,11,-4,15
310M400US25100,25100,"Guymon, OK Micro Area",-185,1729,2978,1249,-1957,672,-2629,-401,237,367,130,-643,44,-687
310M400US25200,25200,"Hailey, ID Micro Area",1388,1281,2487,1206,90,697,-607,376,130,272,142,249,93,156
310M400US25300,25300,"Hannibal, MO Micro Area",-144,389,3804,3415,-506,102,-608,-31,61,434,373,-89,15,-104
310M400US25460,25460,"Harrison, AR Micro Area",48,-3,4420,4423,74,-31,105,-38,-3,551,554,-31,0,-31
310M400US25580,25580,"Hastings, NE Micro Area",144,825,3368,2543,-674,273,-947,-263,97,406,309,-364,68,-432
310M400US25700,25700,"Hays, KS Micro Area",258,965,3023,2058,-713,474,-1187,-59,95,340,245,-155,43,-198
310M400US25720,25720,"Heber, UT Micro Area",9715,2480,3528,1048,7146,449,6697,1265,341,480,139,920,68,852
310M400US25740,25740,"Helena, MT Micro Area",5999,1444,7072,5628,4564,189,4375,1011,127,877,750,885,-7,892
310M400US25760,25760,"Helena-West Helena, AR Micro Area",-3726,269,2486,2217,-4050,-22,-4028,-535,16,279,263,-555,-3,-552
310M400US25780,25780,"Henderson, NC Micro Area",-837,501,4635,4134,-1337,126,-1463,270,6,541,535,267,35,232
310M400US25820,25820,"Hereford, TX Micro Area",-612,1602,2807,1205,-2246,248,-2494,-91,171,333,162,-261,8,-269
310M400US25840,25840,"Hermiston-Pendleton, OR Micro Area",1826,4036,9955,5919,-2194,260,-2454,577,395,1124,729,187,135,52
310M400US25880,25880,"Hillsdale, MI Micro Area",-937,617,4503,3886,-1541,24,-1565,-94,71,555,484,-164,2,-166
310M400US25900,25900,"Hilo, HI Micro Area",15907,5993,19714,13721,9992,3961,6031,1480,250,2270,2020,1232,328,904
310M400US26020,26020,"Hobbs, NM Micro Area",4884,4775,9131,4356,43,1154,-1111,554,517,1014,497,39,138,-99
310M400US26090,26090,"Holland, MI Micro Area",5920,3465,11244,7779,2504,532,1972,894,442,1363,921,460,52,408
310M400US26220,26220,"Hood River, OR Micro Area",1082,858,2312,1454,231,156,75,-48,91,266,175,-139,72,-211
310M400US26260,26260,"Hope, AR Micro Area",-1546,651,3567,2916,-2203,-102,-2101,-142,85,419,334,-225,-13,-212
310M400US26340,26340,"Houghton, MI Micro Area",-449,168,3221,3053,-637,1475,-2112,-167,4,367,363,-171,159,-330
310M400US26460,26460,"Hudson, NY Micro Area",-3141,-1150,4338,5488,-1959,528,-2487,-492,-184,477,661,-307,59,-366
310M400US26500,26500,"Huntingdon, PA Micro Area",-841,-559,3275,3834,-246,191,-437,-206,-174,357,531,-30,27,-57
310M400US26540,26540,"Huntington, IN Micro Area",-883,94,3467,3373,-966,81,-1047,1,22,408,386,-20,11,-31
310M400US26660,26660,"Huntsville, TX Micro Area",4684,309,6367,6058,4358,1559,2799,127,-44,768,812,172,238,-66
310M400US26700,26700,"Huron, SD Micro Area",1484,1029,2621,1592,445,1974,-1529,281,128,305,177,152,499,-347
310M400US26740,26740,"Hutchinson, KS Micro Area",-2169,-207,5890,6097,-1929,187,-2116,-346,-51,649,700,-293,24,-317
310M400US26780,26780,"Hutchinson, MN Micro Area",-772,683,3440,2757,-1472,163,-1635,-10,60,400,340,-70,12,-82
310M400US26860,26860,"Indiana, PA Micro Area",-4388,-556,6880,7436,-3825,674,-4499,-378,-62,829,891,-315,87,-402
310M400US26940,26940,"Indianola, MS Micro Area",-3648,201,2667,2466,-3942,36,-3978,-411,-24,279,303,-389,6,-395
310M400US26960,26960,"Ionia, MI Micro Area",311,1782,6037,4255,-1452,35,-1487,-19,158,699,541,-176,2,-178
310M400US27020,27020,"Iron Mountain, MI-WI Micro Area",-887,-636,2353,2989,-237,-13,-224,-80,-51,312,363,-28,-1,-27
310M400US27160,27160,"Jackson, OH Micro Area",-841,127,3456,3329,-961,100,-1061,-1,0,388,388,2,12,-10
310M400US27220,27220,"Jackson, WY-ID Micro Area",3258,2321,3305,984,893,402,491,25,260,373,113,-237,55,-292
310M400US27300,27300,"Jacksonville, IL Micro Area",-1998,-363,3326,3689,-1622,301,-1923,-275,-56,353,409,-216,48,-264
310M400US27380,27380,"Jacksonville, TX Micro Area",1758,1883,6231,4348,-83,228,-311,410,170,734,564,241,29,212
310M400US27420,27420,"Jamestown, ND Micro Area",-183,-89,1898,1987,-80,182,-262,-243,-24,218,242,-220,50,-270
310M400US27460,27460,"Jamestown-Dunkirk-Fredonia, NY Micro Area",-6968,-498,11373,11871,-6506,1773,-8279,-670,-136,1281,1417,-536,337,-873
310M400US27540,27540,"Jasper, IN Micro Area",377,1152,5649,4497,-754,427,-1181,152,144,701,557,9,50,-41
310M400US27600,27600,"Jefferson, GA Micro Area",9965,2052,6629,4577,7879,277,7602,2706,267,879,612,2424,52,2372
310M400US27660,27660,"Jennings, LA Micro Area",-10,517,3563,3046,-511,21,-532,91,19,423,404,73,1,72
310M400US27700,27700,"Jesup, GA Micro Area",-291,564,3275,2711,-873,70,-943,48,24,368,344,25,7,18
310M400US27920,27920,"Junction City, KS Micro Area",-1760,6627,8328,1701,-8601,1238,-9839,-1039,675,869,194,-1712,-130,-1582
310M400US27940,27940,"Juneau, AK Micro Area",838,1588,3110,1522,-761,702,-1463,52,162,331,169,-112,119,-231
310M400US28060,28060,"Kalispell, MT Micro Area",11179,2310,9246,6936,8833,35,8798,2014,260,1144,884,1746,-11,1757
310M400US28180,28180,"Kapaa, HI Micro Area",5038,2379,7156,4777,2717,2493,224,353,156,838,682,203,223,-20
310M400US28260,28260,"Kearney, NE Micro Area",3571,2962,6427,3465,620,923,-303,144,329,768,439,-188,105,-293
310M400US28300,28300,"Keene, NH Micro Area",-629,-216,5586,5802,-379,492,-871,308,-73,644,717,382,53,329
310M400US28340,28340,"Kendallville, IN Micro Area",-8,1262,4920,3658,-1256,29,-1285,148,132,576,444,19,14,5
310M400US28380,28380,"Kennett, MO Micro Area",-2530,20,3619,3599,-2561,74,-2635,-663,-61,389,450,-603,16,-619
310M400US28500,28500,"Kerrville, TX Micro Area",2780,-1611,4300,5911,4390,273,4117,555,-187,546,733,741,35,706
310M400US28540,28540,"Ketchikan, AK Micro Area",399,650,1410,760,-256,380,-636,36,66,160,94,-31,58,-89
310M400US28580,28580,"Key West, FL Micro Area",1937,198,5981,5783,1712,3348,-1636,-1609,-47,707,754,-1573,451,-2024
310M400US28620,28620,"Kill Devil Hills, NC Micro Area",2305,251,3246,2995,2041,86,1955,334,-43,361,404,376,19,357
310M400US28780,28780,"Kingsville, TX Micro Area",-903,1645,3771,2126,-2596,1108,-3704,-3,145,406,261,-151,125,-276
310M400US28820,28820,"Kinston, NC Micro Area",-3535,-525,5372,5897,-3002,259,-3261,-665,-164,611,775,-504,36,-540
310M400US28860,28860,"Kirksville, MO Micro Area",-97,538,2689,2151,-637,534,-1171,118,109,339,230,8,58,-50
310M400US28900,28900,"Klamath Falls, OR Micro Area",1273,403,6659,6256,902,20,882,864,-1,816,817,866,-1,867
310M400US29060,29060,"Laconia, NH Micro Area",949,-1161,4370,5531,2159,414,1745,177,-266,500,766,446,20,426
310M400US29260,29260,"La Grande, OR Micro Area",717,332,2501,2169,397,178,219,175,32,305,273,144,22,122
310M400US29300,29300,"LaGrange, GA Micro Area",2995,1840,7445,5605,1200,663,537,-4,152,879,727,-153,104,-257
310M400US29380,29380,"Lake City, FL Micro Area",2977,148,6598,6450,2840,179,2661,678,-61,784,845,738,34,704
310M400US29500,29500,"Lamesa, TX Micro Area",-1214,388,1516,1128,-1642,161,-1803,-147,43,175,132,-190,17,-207
310M400US29660,29660,"Laramie, WY Micro Area",2302,1811,3358,1547,478,1212,-734,171,188,382,194,-17,245,-262
310M400US29780,29780,"Las Vegas, NM Micro Area",-1788,186,2481,2295,-2000,605,-2605,-191,-33,252,285,-157,61,-218
310M400US29860,29860,"Laurel, MS Micro Area",55,1939,9692,7753,-1854,56,-1910,21,80,1072,992,-54,22,-76
310M400US29900,29900,"Laurinburg, NC Micro Area",-1350,467,3733,3266,-1827,165,-1992,-362,21,443,422,-382,26,-408
310M400US29980,29980,"Lawrenceburg, TN Micro Area",1883,355,4646,4291,1542,105,1437,407,18,548,530,389,15,374
310M400US30060,30060,"Lebanon, MO Micro Area",142,776,3934,3158,-628,-35,-593,258,134,496,362,123,-3,126
310M400US30220,30220,"Levelland, TX Micro Area",53,854,2597,1743,-799,96,-895,-15,62,276,214,-76,5,-81
310M400US30260,30260,"Lewisburg, PA Micro Area",-178,187,3327,3140,-372,508,-880,29,-17,407,424,47,107,-60
310M400US30280,30280,"Lewisburg, TN Micro Area",3075,463,3091,2628,2624,167,2457,749,65,400,335,681,45,636
310M400US30380,30380,"Lewistown, PA Micro Area",-457,306,4680,4374,-722,160,-882,-112,22,546,524,-131,18,-149
310M400US30420,30420,"Lexington, NE Micro Area",-665,1506,3420,1914,-2197,795,-2992,35,201,417,216,-165,130,-295
310M400US30580,30580,"Liberal, KS Micro Area",-1170,2523,3602,1079,-3731,751,-4482,-419,281,397,116,-705,43,-748
310M400US30660,30660,"Lincoln, IL Micro Area",-1380,-241,2474,2715,-1148,91,-1239,-90,-25,283,308,-66,10,-76
310M400US30820,30820,"Lock Haven, PA Micro Area",-556,191,3493,3302,-736,114,-850,-153,-4,396,400,-146,15,-161
310M400US30880,30880,"Logan, WV Micro Area",-4147,-1187,3257,4444,-2978,-14,-2964,-436,-184,341,525,-254,2,-256
310M400US30900,30900,"Logansport, IN Micro Area",-1011,784,4038,3254,-1816,739,-2555,50,57,466,409,-8,89,-97
310M400US30940,30940,"London, KY Micro Area",1845,1944,14066,12122,-24,299,-323,303,128,1710,1582,180,31,149
310M400US31060,31060,"Los Alamos, NM Micro Area",1151,419,1413,994,709,682,27,297,82,183,101,216,69,147
310M400US31220,31220,"Ludington, MI Micro Area",409,-342,2386,2728,773,101,672,77,-37,269,306,116,11,105
310M400US31260,31260,"Lufkin, TX Micro Area",321,2640,9863,7223,-2262,368,-2630,-619,200,1139,939,-820,59,-879
310M400US31300,31300,"Lumberton, NC Micro Area",-2398,4389,15142,10753,-6745,441,-7186,-759,328,1701,1373,-1086,64,-1150
310M400US31380,31380,"Macomb, IL Micro Area",-2655,-160,2349,2509,-2529,583,-3112,-368,-40,254,294,-332,86,-418
310M400US31500,31500,"Madison, IN Micro Area",-196,-17,3022,3039,-159,80,-239,161,26,373,347,135,15,120
310M400US31580,31580,"Madisonville, KY Micro Area",-1850,-483,4389,4872,-1345,203,-1548,-301,-72,470,542,-228,27,-255
310M400US31620,31620,"Magnolia, AR Micro Area",-1015,-169,2367,2536,-872,313,-1185,-163,-28,256,284,-136,28,-164
310M400US31660,31660,"Malone, NY Micro Area",-1314,317,4099,3782,-1656,196,-1852,-151,-43,480,523,-106,22,-128
310M400US31680,31680,"Malvern, AR Micro Area",690,-296,2898,3194,970,27,943,101,-33,344,377,137,2,135
310M400US31820,31820,"Manitowoc, WI Micro Area",-2368,-329,6684,7013,-2029,504,-2533,-66,-63,779,842,2,67,-65
310M400US31930,31930,"Marietta, OH Micro Area",-1626,-1012,5011,6023,-561,145,-706,-307,-152,591,743,-153,22,-175
310M400US31940,31940,"Marinette, WI-MI Micro Area",-2361,-1571,4777,6348,-741,47,-788,120,-183,567,750,310,7,303
310M400US31980,31980,"Marion, IN Micro Area",-4127,-620,6095,6715,-3507,137,-3644,-346,-150,657,807,-194,15,-209
310M400US32000,32000,"Marion, NC Micro Area",511,-355,3772,4127,911,190,721,343,-56,442,498,400,20,380
310M400US32020,32020,"Marion, OH Micro Area",-1245,352,6260,5908,-1570,44,-1614,315,15,735,720,307,4,303
310M400US32100,32100,"Marquette, MI Micro Area",-555,-111,5324,5435,-412,340,-752,-49,-30,648,678,-16,45,-61
310M400US32140,32140,"Marshall, MN Micro Area",-228,1193,3016,1823,-1452,814,-2266,-324,135,359,224,-462,108,-570
310M400US32180,32180,"Marshall, MO Micro Area",-475,239,2293,2054,-711,339,-1050,-29,-17,223,240,-10,54,-64
310M400US32220,32220,"Marshall, TX Micro Area",1082,1681,6918,5237,-567,538,-1105,186,118,797,679,73,68,5
310M400US32260,32260,"Marshalltown, IA Micro Area",-667,546,4441,3895,-1218,952,-2170,-167,65,515,450,-232,36,-268
310M400US32280,32280,"Martin, TN Micro Area",-1600,-190,2873,3063,-1415,174,-1589,119,-25,326,351,147,32,115
310M400US32300,32300,"Martinsville, VA Micro Area",-4141,-2143,5581,7724,-1975,142,-2117,-364,-297,641,938,-63,16,-79
310M400US32340,32340,"Maryville, MO Micro Area",-1066,355,1912,1557,-1436,91,-1527,-104,67,237,170,-172,6,-178
310M400US32380,32380,"Mason City, IA Micro Area",-1642,-354,4472,4826,-1273,214,-1487,-358,-47,512,559,-311,16,-327
310M400US32460,32460,"Mayfield, KY Micro Area",188,499,4162,3663,-296,397,-693,144,90,504,414,56,54,2
310M400US32500,32500,"Maysville, KY Micro Area",-340,27,1737,1710,-365,94,-459,-75,17,206,189,-92,28,-120
310M400US32540,32540,"McAlester, OK Micro Area",-1960,-745,4299,5044,-1184,47,-1231,-268,-108,489,597,-159,4,-163
310M400US32620,32620,"McComb, MS Micro Area",-1646,276,5633,5357,-1910,149,-2059,-157,-20,654,674,-135,51,-186
310M400US32660,32660,"McMinnville, TN Micro Area",1054,-20,3930,3950,1106,327,779,188,11,475,464,178,51,127
310M400US32700,32700,"McPherson, KS Micro Area",-644,-351,2693,3044,-290,58,-348,-136,-37,304,341,-98,-1,-97
310M400US32740,32740,"Meadville, PA Micro Area",-3687,-628,7635,8263,-3028,173,-3201,-725,-93,882,975,-631,24,-655
310M400US32860,32860,"Menomonie, WI Micro Area",1266,1095,3748,2653,184,300,-116,432,116,451,335,316,40,276
310M400US32940,32940,"Meridian, MS Micro Area",-6497,1019,10633,9614,-7546,284,-7830,-1324,65,1203,1138,-1391,-26,-1365
310M400US32980,32980,"Merrill, WI Micro Area",-1054,-473,2238,2711,-568,14,-582,-77,-28,279,307,-47,2,-49
310M400US33020,33020,"Mexico, MO Micro Area",-56,424,2838,2414,-469,-16,-453,-127,67,335,268,-195,-2,-193
310M400US33060,33060,"Miami, OK Micro Area",-673,-164,3495,3659,-499,114,-613,-150,-125,374,499,-23,11,-34
310M400US33180,33180,"Middlesborough, KY Micro Area",-2122,-279,2875,3154,-1851,42,-1893,-335,-32,333,365,-304,14,-318
310M400US33300,33300,"Milledgeville, GA Micro Area",-2070,13,4322,4309,-2183,251,-2434,-295,-173,443,616,-119,30,-149
310M400US33420,33420,"Mineral Wells, TX Micro Area",753,275,2958,2683,490,131,359,300,-4,349,353,303,17,286
310M400US33500,33500,"Minot, ND Micro Area",6397,5770,10458,4688,438,2138,-1700,-817,647,1221,574,-1471,241,-1712
310M400US33580,33580,"Mitchell, SD Micro Area",330,562,2464,1902,-222,186,-408,-93,71,273,202,-164,-7,-157
310M400US33620,33620,"Moberly, MO Micro Area",-651,116,2346,2230,-771,21,-792,-169,49,289,240,-220,4,-224
310M400US33940,33940,"Montrose, CO Micro Area",937,238,3733,3495,700,19,681,429,-10,441,451,438,0,438
310M400US33980,33980,"Morehead City, NC Micro Area",3061,-1557,4886,6443,4616,579,4037,605,-353,529,882,954,29,925
310M400US34020,34020,"Morgan City, LA Micro Area",-4876,1525,6097,4572,-6465,523,-6988,-898,90,653,563,-992,38,-1030
310M400US34140,34140,"Moscow, ID Micro Area",2891,1831,3687,1856,1069,1285,-216,420,230,440,210,192,166,26
310M400US34180,34180,"Moses Lake, WA Micro Area",8207,6992,12570,5578,1263,1778,-515,1510,769,1468,699,742,293,449
310M400US34220,34220,"Moultrie, GA Micro Area",93,1672,5516,3844,-1568,252,-1820,49,137,604,467,-86,13,-99
310M400US34260,34260,"Mountain Home, AR Micro Area",106,-2689,2888,5577,2808,61,2747,303,-353,345,698,657,15,642
310M400US34300,34300,"Mountain Home, ID Micro Area",219,2397,3871,1474,-2251,1055,-3306,459,288,468,180,170,21,149
310M400US34340,34340,"Mount Airy, NC Micro Area",-1795,-904,6210,7114,-842,182,-1024,-170,-149,721,870,-14,29,-43
310M400US34380,34380,"Mount Pleasant, MI Micro Area",249,1493,5363,3870,-1278,1870,-3148,-563,145,604,459,-719,216,-935
310M400US34420,34420,"Mount Pleasant, TX Micro Area",699,1947,4191,2244,-1251,553,-1804,227,252,519,267,-25,105,-130
310M400US34460,34460,"Mount Sterling, KY Micro Area",2639,1012,5106,4094,1636,-9,1645,237,70,611,541,168,2,166
310M400US34500,34500,"Mount Vernon, IL Micro Area",-1005,313,3963,3650,-1296,308,-1604,-291,36,469,433,-325,42,-367
310M400US34540,34540,"Mount Vernon, OH Micro Area",961,951,6011,5060,40,-8,48,590,109,731,622,484,-6,490
310M400US34660,34660,"Murray, KY Micro Area",1945,-25,3239,3264,1968,1274,694,270,-29,385,414,302,145,157
310M400US34700,34700,"Muscatine, IA Micro Area",180,1255,4478,3223,-1073,738,-1811,37,162,527,365,-126,118,-244
310M400US34780,34780,"Muskogee, OK Micro Area",-2626,-30,7597,7627,-2582,127,-2709,-597,-39,845,884,-560,1,-561
310M400US34860,34860,"Nacogdoches, TX Micro Area",1187,2525,7163,4638,-1358,825,-2183,112,203,788,585,-89,95,-184
310M400US35020,35020,"Natchez, MS-LA Micro Area",-2357,-126,5253,5379,-2280,1491,-3771,-422,-60,596,656,-367,412,-779
310M400US35060,35060,"Natchitoches, LA Micro Area",-910,1104,4376,3272,-2006,113,-2119,-379,133,529,396,-514,11,-525
310M400US35140,35140,"Newberry, SC Micro Area",1012,122,3685,3563,919,146,773,92,-3,448,451,96,15,81
310M400US35220,35220,"New Castle, IN Micro Area",-1195,-802,3893,4695,-364,32,-396,24,-94,456,550,122,5,117
310M400US35260,35260,"New Castle, PA Micro Area",-4956,-2123,7265,9388,-2797,229,-3026,-468,-283,838,1121,-180,42,-222
310M400US35420,35420,"New Philadelphia-Dover, OH Micro Area",-411,986,9377,8391,-1339,611,-1950,-235,82,1126,1044,-313,64,-377
310M400US35440,35440,"Newport, OR Micro Area",3355,-1252,3563,4815,4578,247,4331,568,-189,429,618,753,38,715
310M400US35460,35460,"Newport, TN Micro Area",132,-942,3144,4086,1102,-23,1125,293,-145,362,507,436,-6,442
310M400US35500,35500,"Newton, IA Micro Area",305,318,3417,3099,8,25,-17,162,12,401,389,152,-1,153
310M400US35580,35580,"New Ulm, MN Micro Area",-782,-165,2253,2418,-612,77,-689,-61,-12,273,285,-48,8,-56
310M400US35700,35700,"Nogales, AZ Micro Area",-909,2993,5386,2393,-3971,881,-4852,-125,320,640,320,-444,108,-552
310M400US35740,35740,"Norfolk, NE Micro Area",234,1712,5573,3861,-1477,825,-2302,147,170,643,473,-18,143,-161
310M400US35820,35820,"North Platte, NE Micro Area",-1164,601,3644,3043,-1771,174,-1945,-144,82,438,356,-224,22,-246
310M400US35860,35860,"North Vernon, IN Micro Area",-918,337,2737,2400,-1256,-17,-1239,-27,0,305,305,-26,-2,-24
310M400US35900,35900,"North Wilkesboro, NC Micro Area",-753,-876,5592,6468,187,212,-25,93,-163,652,815,262,38,224
310M400US35940,35940,"Norwalk, OH Micro Area",-1119,1297,6083,4786,-2432,258,-2690,42,145,734,589,-102,36,-138
310M400US36020,36020,"Oak Harbor, WA Micro Area",5952,1941,7607,5666,3990,1565,2425,1175,241,976,735,928,-56,984
310M400US36300,36300,"Ogdensburg-Massena, NY Micro Area",-3893,1380,9654,8274,-5296,1074,-6370,-515,-53,1029,1082,-463,99,-562
310M400US36340,36340,"Oil City, PA Micro Area",-3726,-908,4467,5375,-2808,5,-2813,-557,-175,500,675,-383,0,-383
310M400US36380,36380,"Okeechobee, FL Micro Area",1541,791,4315,3524,755,533,222,349,25,496,471,324,75,249
310M400US36460,36460,"Olean, NY Micro Area",-3503,502,7343,6841,-4022,320,-4342,-405,-76,782,858,-328,39,-367
310M400US36580,36580,"Oneonta, NY Micro Area",-2528,-686,4277,4963,-1826,310,-2136,-154,-160,482,642,10,40,-30
310M400US36620,36620,"Ontario, OR-ID Micro Area",338,1975,6104,4129,-1646,-194,-1452,608,261,740,479,349,1,348
310M400US36660,36660,"Opelousas, LA Micro Area",-620,2728,10643,7915,-3305,-71,-3234,-683,203,1225,1022,-884,-18,-866
310M400US36700,36700,"Orangeburg, SC Micro Area",-5575,-141,8603,8744,-5455,385,-5840,-739,-241,910,1151,-495,78,-573
310M400US36820,36820,"Oskaloosa, IA Micro Area",-382,418,2299,1881,-791,182,-973,-197,31,258,227,-227,27,-254
310M400US36830,36830,"Othello, WA Micro Area",1031,2290,3271,981,-1278,233,-1511,78,281,388,107,-206,41,-247
310M400US36840,36840,"Ottawa, KS Micro Area",-365,434,2574,2140,-794,98,-892,-26,37,287,250,-61,9,-70
310M400US36860,36860,"Ottawa-Peru, IL Micro Area",-6738,-995,13257,14252,-5719,502,-6221,-404,-65,1602,1667,-333,56,-389
310M400US36900,36900,"Ottumwa, IA Micro Area",-155,811,4809,3998,-947,1035,-1982,124,157,607,450,-33,166,-199
310M400US36940,36940,"Owatonna, MN Micro Area",222,1294,3790,2496,-1081,90,-1171,-21,97,421,324,-118,4,-122
310M400US37020,37020,"Owosso, MI Micro Area",-2471,12,5860,5848,-2498,69,-2567,-267,-19,712,731,-246,6,-252
310M400US37060,37060,"Oxford, MS Micro Area",7434,1417,4540,3123,5897,450,5447,556,124,540,416,431,70,361
310M400US37080,37080,"Oxford, NC Micro Area",2584,478,4689,4211,2131,-47,2178,741,-11,579,590,754,-14,768
310M400US37120,37120,"Ozark, AL Micro Area",-1293,1398,5486,4088,-2696,544,-3240,-298,99,651,552,-396,-36,-360
310M400US37140,37140,"Paducah, KY-IL Micro Area",-2110,-1002,9335,10337,-1043,90,-1133,-347,-142,1110,1252,-199,13,-212
310M400US37220,37220,"Pahrump, NV Micro Area",1401,-2532,3068,5600,3904,-169,4073,1295,-359,369,728,1644,-24,1668
310M400US37260,37260,"Palatka, FL Micro Area",-205,-1011,6934,7945,842,152,690,778,-143,846,989,917,44,873
310M400US37300,37300,"Palestine, TX Micro Area",-402,-451,4867,5318,80,289,-209,-155,-106,580,686,-47,47,-94
310M400US37420,37420,"Pampa, TX Micro Area",-642,497,2639,2142,-1165,74,-1239,-226,17,274,257,-243,2,-245
310M400US37500,37500,"Paragould, AR Micro Area",3235,751,4679,3928,2479,50,2429,348,67,570,503,283,-7,290
310M400US37540,37540,"Paris, TN Micro Area",9,-1035,2746,3781,1071,63,1008,-62,-152,318,470,92,7,85
310M400US37580,37580,"Paris, TX Micro Area",-61,430,5477,5047,-471,52,-523,131,-17,645,662,151,9,142
310M400US37660,37660,"Parsons, KS Micro Area",-1642,69,2249,2180,-1725,18,-1743,-188,51,278,227,-240,-1,-239
310M400US37740,37740,"Payson, AZ Micro Area",295,-1206,4994,6200,1538,244,1294,260,-228,567,795,487,26,461
310M400US37780,37780,"Pecos, TX Micro Area",1912,697,1542,845,1206,714,492,400,97,193,96,302,93,209
310M400US37800,37800,"Pella, IA Micro Area",100,279,3062,2783,-174,93,-267,302,31,375,344,273,9,264
310M400US37940,37940,"Peru, IN Micro Area",-1338,-23,2975,2998,-1325,81,-1406,-260,-43,325,368,-217,14,-231
310M400US38100,38100,"Picayune, MS Micro Area",-365,89,5232,5143,-437,-181,-256,148,-48,603,651,200,-32,232
310M400US38180,38180,"Pierre, SD Micro Area",708,978,2388,1410,-272,-26,-246,-9,89,272,183,-99,0,-99
310M400US38240,38240,"Pinehurst-Southern Pines, NC Micro Area",10440,-416,8525,8941,10761,662,10099,1450,-36,1127,1163,1483,37,1446
310M400US38260,38260,"Pittsburg, KS Micro Area",-116,655,4035,3380,-761,904,-1665,-12,93,463,370,-105,60,-165
310M400US38380,38380,"Plainview, TX Micro Area",-2376,1563,4085,2522,-3999,248,-4247,-214,129,420,291,-344,26,-370
310M400US38420,38420,"Platteville, WI Micro Area",349,548,4593,4045,-211,282,-493,-252,96,583,487,-350,44,-394
310M400US38460,38460,"Plattsburgh, NY Micro Area",-1436,570,6358,5788,-2006,785,-2791,128,45,774,729,88,83,5
310M400US38500,38500,"Plymouth, IN Micro Area",-802,1007,4785,3778,-1810,273,-2083,-212,83,560,477,-296,34,-330
310M400US38580,38580,"Point Pleasant, WV-OH Micro Area",-1593,-472,5353,5825,-1107,125,-1232,-264,-103,610,713,-158,19,-177
310M400US38620,38620,"Ponca City, OK Micro Area",-2401,440,5143,4703,-2847,59,-2906,-361,37,591,554,-399,8,-407
310M400US38700,38700,"Pontiac, IL Micro Area",-3187,-97,3356,3453,-3144,247,-3391,-354,7,381,374,-365,40,-405
310M400US38740,38740,"Poplar Bluff, MO Micro Area",-155,-52,4593,4645,-63,-45,-18,30,-15,546,561,48,-6,54
310M400US38780,38780,"Portales, NM Micro Area",-1097,1081,2338,1257,-2231,324,-2555,-162,97,254,157,-261,46,-307
310M400US38820,38820,"Port Angeles, WA Micro Area",5333,-2308,5531,7839,7622,554,7068,1025,-347,670,1017,1365,76,1289
310M400US38840,38840,"Port Clinton, OH Micro Area",-664,-1178,2796,3974,552,-8,560,137,-192,315,507,330,-5,335
310M400US38920,38920,"Port Lavaca, TX Micro Area",179,699,2391,1692,-513,349,-862,-209,53,272,219,-261,56,-317
310M400US39020,39020,"Portsmouth, OH Micro Area",-3991,-649,7292,7941,-3336,275,-3611,-396,-92,851,943,-305,30,-335
310M400US39060,39060,"Pottsville, PA Micro Area",-6224,-4380,11530,15910,-1748,467,-2215,-599,-484,1317,1801,-107,48,-155
310M400US39220,39220,"Price, UT Micro Area",-1134,478,2308,1830,-1631,96,-1727,101,27,213,186,76,17,59
310M400US39260,39260,"Prineville, OR Micro Area",2889,-265,1728,1993,3127,-25,3152,776,5,259,254,767,-7,774
310M400US39420,39420,"Pullman, WA Micro Area",5013,1468,3634,2166,3467,3384,83,447,179,427,248,268,465,-197
310M400US39500,39500,"Quincy, IL-MO Micro Area",-1760,245,7685,7440,-1966,297,-2263,-512,-53,896,949,-457,48,-505
310M400US39700,39700,"Raymondville, TX Micro Area",-621,1124,2494,1370,-1755,184,-1939,-59,89,277,188,-147,20,-167
310M400US39780,39780,"Red Bluff, CA Micro Area",476,951,6348,5397,-435,-55,-380,198,130,774,644,74,-22,96
310M400US39860,39860,"Red Wing, MN Micro Area",218,320,4236,3916,-75,163,-238,69,45,500,455,27,19,8
310M400US39940,39940,"Rexburg, ID Micro Area",1685,8608,10532,1924,-7005,362,-7367,-16,1043,1264,221,-1058,59,-1117
310M400US39980,39980,"Richmond, IN Micro Area",-3060,-561,6383,6944,-2484,166,-2650,-242,-165,712,877,-74,37,-111
310M400US40080,40080,"Richmond-Berea, KY Micro Area",9149,2132,9719,7587,6932,803,6129,1135,168,1161,993,963,115,848
310M400US40100,40100,"Rio Grande City, TX Micro Area",3557,7631,10905,3274,-4112,1011,-5123,258,809,1227,418,-553,63,-616
310M400US40180,40180,"Riverton, WY Micro Area",-592,1158,4744,3586,-1766,11,-1777,-303,16,501,485,-319,4,-323
310M400US40260,40260,"Roanoke Rapids, NC Micro Area",-6483,-1496,6308,7804,-5004,211,-5215,-945,-287,740,1027,-656,36,-692
310M400US40300,40300,"Rochelle, IL Micro Area",-2574,366,4431,4065,-2975,134,-3109,-109,64,542,478,-171,15,-186
310M400US40460,40460,"Rockingham, NC Micro Area",-1760,-23,4492,4515,-1723,48,-1771,62,-29,527,556,95,3,92
310M400US40540,40540,"Rock Springs, WY Micro Area",-755,2737,5072,2335,-3566,168,-3734,-496,243,546,303,-743,59,-802
310M400US40620,40620,"Rolla, MO Micro Area",-424,665,4291,3626,-1115,1684,-2799,46,47,477,430,-2,247,-249
310M400US40700,40700,"Roseburg, OR Micro Area",2599,-2742,8972,11714,5430,52,5378,999,-395,1075,1470,1397,3,1394
310M400US40740,40740,"Roswell, NM Micro Area",-959,2144,7562,5418,-3083,574,-3657,-464,194,850,656,-661,89,-750
310M400US40760,40760,"Ruidoso, NM Micro Area",-939,-168,1507,1675,-775,128,-903,73,-37,168,205,109,35,74
310M400US40780,40780,"Russellville, AR Micro Area",1596,2051,8916,6865,-443,709,-1152,336,265,1082,817,75,78,-3
310M400US40820,40820,"Ruston, LA Micro Area",456,1695,4789,3094,-1243,1128,-2371,-269,173,591,418,-443,94,-537
310M400US40860,40860,"Rutland, VT Micro Area",-2981,-1131,4403,5534,-1836,110,-1946,-328,-167,500,667,-159,31,-190
310M400US40940,40940,"Safford, AZ Micro Area",853,2356,4659,2303,-1527,316,-1843,571,227,527,300,347,46,301
310M400US41220,41220,"St. Marys, GA Micro Area",3165,3862,6571,2709,-723,686,-1409,610,418,779,361,191,-26,217
310M400US41260,41260,"St. Marys, PA Micro Area",-1777,-667,2540,3207,-1101,11,-1112,-121,-68,294,362,-50,1,-51
310M400US41400,41400,"Salem, OH Micro Area",-5187,-1167,8911,10078,-3989,156,-4145,-484,-176,1021,1197,-304,32,-336
310M400US41460,41460,"Salina, KS Micro Area",-1497,1593,6485,4892,-3074,188,-3262,-160,128,682,554,-287,-10,-277
310M400US41760,41760,"Sandpoint, ID Micro Area",3850,-89,3353,3442,3917,23,3894,1106,-4,438,442,1105,1,1104
310M400US41780,41780,"Sandusky, OH Micro Area",-2451,-1190,6472,7662,-1220,282,-1502,-242,-161,772,933,-75,42,-117
310M400US41820,41820,"Sanford, NC Micro Area",3594,2039,6535,4496,1572,699,873,885,228,776,548,656,126,530
310M400US42300,42300,"Sault Ste. Marie, MI Micro Area",-1152,-108,2869,2977,-1062,380,-1442,-197,-55,316,371,-144,38,-182
310M400US42380,42380,"Sayre, PA Micro Area",-1871,292,5956,5664,-2159,183,-2342,-155,-55,672,727,-96,26,-122
310M400US42420,42420,"Scottsbluff, NE Micro Area",-1065,689,4210,3521,-1757,212,-1969,-242,71,493,422,-315,45,-360
310M400US42460,42460,"Scottsboro, AL Micro Area",-1488,-977,4663,5640,-466,238,-704,-171,-109,570,679,-59,10,-69
310M400US42620,42620,"Searcy, AR Micro Area",1649,1250,7972,6722,412,467,-55,-214,89,901,812,-301,35,-336
310M400US42740,42740,"Sedalia, MO Micro Area",341,1211,4703,3492,-849,383,-1232,38,118,522,404,-80,52,-132
310M400US42780,42780,"Selinsgrove, PA Micro Area",821,529,3444,2915,327,219,108,-45,39,417,378,-83,42,-125
310M400US42820,42820,"Selma, AL Micro Area",-5508,-62,4310,4372,-5490,3,-5493,-925,-73,460,533,-853,2,-855
310M400US42860,42860,"Seneca, SC Micro Area",4099,-753,6388,7141,4866,808,4058,937,-215,727,942,1150,153,997
310M400US42900,42900,"Seneca Falls, NY Micro Area",-943,258,3039,2781,-1189,126,-1315,-27,9,327,318,-34,17,-51
310M400US42940,42940,"Sevierville, TN Micro Area",8173,544,8636,8092,7591,1311,6280,615,18,1051,1033,600,170,430
310M400US42980,42980,"Seymour, IN Micro Area",1735,1119,4869,3750,634,751,-117,124,162,610,448,-37,113,-150
310M400US43020,43020,"Shawano, WI Micro Area",-733,217,4357,4140,-929,262,-1191,-70,46,530,484,-113,33,-146
310M400US43060,43060,"Shawnee, OK Micro Area",3236,883,7544,6661,2386,250,2136,431,57,867,810,376,26,350
310M400US43140,43140,"Shelby, NC Micro Area",-387,-847,8807,9654,531,540,-9,417,-168,1038,1206,592,105,487
310M400US43180,43180,"Shelbyville, TN Micro Area",3981,1288,5136,3848,2698,439,2259,900,178,646,468,722,55,667
310M400US43220,43220,"Shelton, WA Micro Area",4815,-66,5308,5374,4898,942,3956,1706,7,684,677,1689,147,1542
310M400US43260,43260,"Sheridan, WY Micro Area",1114,152,2729,2577,978,132,846,101,-9,320,329,113,12,101
310M400US43320,43320,"Show Low, AZ Micro Area",2957,5150,13087,7937,-2170,554,-2724,1301,414,1484,1070,890,70,820
310M400US43380,43380,"Sidney, OH Micro Area",-791,1417,5048,3631,-2230,544,-2774,-76,151,604,453,-228,59,-287
310M400US43460,43460,"Sikeston, MO Micro Area",-730,522,4113,3591,-1230,66,-1296,-108,-3,461,464,-104,18,-122
310M400US43500,43500,"Silver City, NM Micro Area",-2164,-276,2516,2792,-1876,92,-1968,-346,-49,271,320,-296,-4,-292
310M400US43660,43660,"Snyder, TX Micro Area",-53,643,2056,1413,-700,66,-766,-138,60,229,169,-198,10,-208
310M400US43700,43700,"Somerset, KY Micro Area",1562,-476,6082,6558,2088,305,1783,266,-92,714,806,360,39,321
310M400US43740,43740,"Somerset, PA Micro Area",-3785,-2374,5568,7942,-1355,313,-1668,-404,-312,635,947,-89,49,-138
310M400US43760,43760,"Sonora, CA Micro Area",-829,-1451,3786,5237,643,414,229,500,-112,447,559,616,49,567
310M400US43940,43940,"Spearfish, SD Micro Area",1651,85,1945,1860,1548,260,1288,135,10,236,226,127,81,46
310M400US43980,43980,"Spencer, IA Micro Area",-533,55,1618,1563,-579,44,-623,-19,23,189,166,-41,11,-52
310M400US44020,44020,"Spirit Lake, IA Micro Area",486,-313,1329,1642,806,60,746,-20,-44,145,189,25,9,16
310M400US44260,44260,"Starkville, MS Micro Area",1928,2167,4647,2480,-268,664,-932,-76,218,571,353,-297,47,-344
310M400US44340,44340,"Statesboro, GA Micro Area",7050,2892,7133,4241,4027,1058,2969,1212,312,882,570,893,140,753
310M400US44460,44460,"Steamboat Springs, CO Micro Area",2227,977,1836,859,1223,615,608,387,104,234,130,281,81,200
310M400US44500,44500,"Stephenville, TX Micro Area",4546,1312,4007,2695,3175,109,3066,584,127,489,362,454,10,444
310M400US44540,44540,"Sterling, CO Micro Area",-1181,204,1902,1698,-1486,94,-1580,-137,29,231,202,-166,24,-190
310M400US44580,44580,"Sterling, IL Micro Area",-2868,-81,5186,5267,-2784,12,-2796,-321,-39,578,617,-280,-4,-276
310M400US44620,44620,"Stevens Point, WI Micro Area",921,1415,5730,4315,-454,833,-1287,334,173,678,505,164,123,41
310M400US44660,44660,"Stillwater, OK Micro Area",4690,2834,7438,4604,1880,3542,-1662,173,244,844,600,-74,288,-362
310M400US44740,44740,"Storm Lake, IA Micro Area",-391,1084,2606,1522,-1490,670,-2160,-228,151,300,149,-381,62,-443
310M400US44780,44780,"Sturgis, MI Micro Area",-252,1458,6614,5156,-1695,338,-2033,224,173,749,576,56,23,33
310M400US44860,44860,"Sulphur Springs, TX Micro Area",1649,587,3787,3200,1074,-2,1076,317,25,441,416,292,1,291
310M400US44900,44900,"Summerville, GA Micro Area",-1227,-230,2350,2580,-1009,44,-1053,74,-8,282,290,84,5,79
310M400US44920,44920,"Summit Park, UT Micro Area",5609,2420,3592,1172,3194,866,2328,584,290,435,145,295,176,119
310M400US44980,44980,"Sunbury, PA Micro Area",-3400,-1781,7811,9592,-1552,140,-1692,-684,-212,897,1109,-470,2,-472
310M400US45000,45000,"Susanville, CA Micro Area",-4093,719,2483,1764,-4926,145,-5071,-321,61,298,237,-387,16,-403
310M400US45020,45020,"Sweetwater, TX Micro Area",-464,203,1673,1470,-666,60,-726,-86,17,195,178,-104,5,-109
310M400US45140,45140,"Tahlequah, OK Micro Area",1693,872,4934,4062,838,289,549,-250,57,562,505,-304,37,-341
310M400US45180,45180,"Talladega-Sylacauga, AL Micro Area",-3498,-1395,7866,9261,-2066,312,-2378,-236,-262,923,1185,31,37,-6
310M400US45340,45340,"Taos, NM Micro Area",-100,90,2502,2412,-168,298,-466,-27,-37,287,324,14,28,-14
310M400US45380,45380,"Taylorville, IL Micro Area",-2132,-537,2848,3385,-1594,17,-1611,-350,-68,319,387,-283,-3,-280
310M400US45520,45520,"The Dalles, OR Micro Area",1294,20,2568,2548,1281,63,1218,184,32,329,297,152,14,138
310M400US45580,45580,"Thomaston, GA Micro Area",-936,-290,2674,2964,-645,-8,-637,18,-59,310,369,78,-1,79
310M400US45620,45620,"Thomasville, GA Micro Area",-276,591,4756,4165,-844,261,-1105,-214,31,559,528,-246,42,-288
310M400US45660,45660,"Tiffin, OH Micro Area",-1535,-45,4807,4852,-1486,418,-1904,-74,-8,576,584,-65,45,-110
310M400US45700,45700,"Tifton, GA Micro Area",439,1403,4660,3257,-1025,39,-1064,133,139,550,411,-3,3,-6
310M400US45740,45740,"Toccoa, GA Micro Area",-138,-319,2514,2833,190,14,176,250,-68,287,355,318,1,317
310M400US45860,45860,"Torrington, CT Micro Area",-8814,-2630,11956,14586,-6183,1914,-8097,-599,-426,1396,1822,-166,286,-452
310M400US45900,45900,"Traverse City, MI Micro Area",6549,-279,11695,11974,6838,350,6488,1243,-60,1400,1460,1303,35,1268
310M400US45980,45980,"Troy, AL Micro Area",443,448,3106,2658,-28,981,-1009,-97,0,344,344,-97,101,-198
310M400US46020,46020,"Truckee-Grass Valley, CA Micro Area",951,-1373,6595,7968,2416,188,2228,193,-191,758,949,395,25,370
310M400US46100,46100,"Tullahoma-Manchester, TN Micro Area",3792,-879,9142,10021,4717,158,4559,1113,-81,1114,1195,1192,22,1170
310M400US46180,46180,"Tupelo, MS Micro Area",4284,3222,15386,12164,1113,168,945,366,328,1850,1522,46,48,-2
310M400US46380,46380,"Ukiah, CA Micro Area",-244,1623,8641,7018,-1818,105,-1923,-91,132,1007,875,-216,-1,-215
310M400US46460,46460,"Union City, TN-KY Micro Area",-2233,-464,3524,3988,-1776,8,-1784,-220,-77,419,496,-145,9,-154
310M400US46500,46500,"Urbana, OH Micro Area",-1345,76,3310,3234,-1422,59,-1481,-70,7,396,389,-75,-1,-74
310M400US46620,46620,"Uvalde, TX Micro Area",441,1291,3326,2035,-827,170,-997,-252,135,390,255,-386,20,-406
310M400US46740,46740,"Valley, AL Micro Area",-556,-471,3242,3713,-65,211,-276,-143,-104,357,461,-38,20,-58
310M400US46780,46780,"Van Wert, OH Micro Area",-478,170,2766,2596,-640,73,-713,-10,60,359,299,-70,15,-85
310M400US46820,46820,"Vermillion, SD Micro Area",173,416,1230,814,-252,234,-486,20,57,143,86,-35,54,-89
310M400US46860,46860,"Vernal, UT Micro Area",2850,3594,5420,1826,-827,150,-977,219,314,545,231,-96,33,-129
310M400US46900,46900,"Vernon, TX Micro Area",-715,91,1352,1261,-816,119,-935,73,9,146,137,65,13,52
310M400US46980,46980,"Vicksburg, MS Micro Area",-3190,919,6052,5133,-4147,311,-4458,-627,75,699,624,-701,56,-757
310M400US47080,47080,"Vidalia, GA Micro Area",-271,840,4054,3214,-1108,22,-1130,116,49,455,406,67,1,66
310M400US47180,47180,"Vincennes, IN Micro Area",-1545,166,3804,3638,-1706,88,-1794,-199,47,444,397,-245,10,-255
310M400US47240,47240,"Vineyard Haven, MA Micro Area",817,178,1330,1152,641,7,634,31,34,164,130,-1,3,-4
310M400US47340,47340,"Wabash, IN Micro Area",-1608,-596,2851,3447,-1009,38,-1047,-130,-61,343,404,-69,2,-71
310M400US47420,47420,"Wahpeton, ND-MN Micro Area",-404,323,2099,1776,-721,-47,-674,-106,63,280,217,-168,-4,-164
310M400US47540,47540,"Wapakoneta, OH Micro Area",-145,584,4539,3955,-721,283,-1004,13,94,563,469,-78,33,-111
310M400US47620,47620,"Warren, PA Micro Area",-2313,-920,3231,4151,-1379,81,-1460,-179,-142,385,527,-35,9,-44
310M400US47660,47660,"Warrensburg, MO Micro Area",1057,2598,5894,3296,-1553,1003,-2556,-107,305,687,382,-413,12,-425
310M400US47700,47700,"Warsaw, IN Micro Area",1990,2727,8430,5703,-680,404,-1084,334,296,1005,709,44,64,-20
310M400US47780,47780,"Washington, IN Micro Area",1493,1611,4369,2758,-99,61,-160,73,189,522,333,-116,0,-116
310M400US47820,47820,"Washington, NC Micro Area",-689,-855,3946,4801,205,34,171,28,-181,439,620,210,4,206
310M400US47920,47920,"Washington Court House, OH Micro Area",-369,-109,2827,2936,-245,95,-340,11,-21,307,328,35,13,22
310M400US47980,47980,"Watertown, SD Micro Area",790,1081,3070,1989,-278,111,-389,-68,109,342,233,-178,16,-194
310M400US48020,48020,"Watertown-Fort Atkinson, WI Micro Area",1446,1843,7231,5388,-341,356,-697,354,132,834,702,228,38,190
310M400US48100,48100,"Wauchula, FL Micro Area",-486,1493,3200,1707,-2004,364,-2368,43,157,359,202,-116,16,-132
310M400US48180,48180,"Waycross, GA Micro Area",2,675,5982,5307,-665,76,-741,122,53,702,649,70,-5,75
310M400US48220,48220,"Weatherford, OK Micro Area",1567,1316,3700,2384,232,539,-307,94,143,408,265,-49,74,-123
310M400US48460,48460,"West Plains, MO Micro Area",-322,10,4147,4137,-299,106,-405,-8,-43,462,505,38,15,23
310M400US48500,48500,"West Point, MS Micro Area",-1248,-72,1869,1941,-1174,39,-1213,-272,-29,216,245,-241,9,-250
310M400US48580,48580,"Whitewater-Elkhorn, WI Micro Area",1490,924,8382,7458,620,197,423,762,0,932,932,761,34,727
310M400US48780,48780,"Williston, ND Micro Area",12951,2878,4768,1890,9692,67,9625,1955,427,651,224,1523,52,1471
310M400US48820,48820,"Willmar, MN Micro Area",616,1654,4788,3134,-1037,1399,-2436,140,231,574,343,-92,175,-267
310M400US48940,48940,"Wilmington, OH Micro Area",22,550,4144,3594,-519,81,-600,91,23,482,459,72,9,63
310M400US48980,48980,"Wilson, NC Micro Area",237,979,7901,6922,-688,716,-1404,-112,-2,936,938,-107,104,-211
310M400US49080,49080,"Winnemucca, NV Micro Area",265,1066,2093,1027,-828,-3,-825,84,116,230,114,-31,1,-32
310M400US49100,49100,"Winona, MN Micro Area",-636,488,3890,3402,-1125,492,-1617,121,11,458,447,115,37,78
310M400US49220,49220,"Wisconsin Rapids-Marshfield, WI Micro Area",-1694,459,6822,6363,-2143,257,-2400,-57,52,804,752,-106,40,-146
310M400US49260,49260,"Woodward, OK Micro Area",141,849,2485,1636,-737,225,-962,-275,1,264,263,-277,27,-304
310M400US49300,49300,"Wooster, OH Micro Area",1451,3668,12603,8935,-2164,966,-3130,-280,357,1470,1113,-634,110,-744
310M400US49380,49380,"Worthington, MN Micro Area",546,1550,3018,1468,-1034,1475,-2509,114,196,374,178,-83,145,-228
310M400US49460,49460,"Yankton, SD Micro Area",431,411,2259,1848,35,105,-70,170,82,293,211,90,37,53
310M400US49780,49780,"Zanesville, OH Micro Area",97,543,8496,7953,-385,492,-877,35,46,1004,958,-7,54,-61
310M400US49820,49820,"Zapata, TX Micro Area",172,1584,2312,728,-1416,31,-1447,-93,138,243,105,-233,-5,-228
