GEO.id,GEO.id2,GEO.display-label,popchg4201072017,natinc4201072017,births4201072017,deaths4201072017,netmig4201072017,intlmig4201072017,dommig4201072017,popchg20162017,natinc20162017,births20162017,deaths20162017,netmig20162017,intlmig20162017,dommig20162017
Id,Id2,Geography,"Cumulative Estimates of the Components of Population Change - April 1, 2010 to July 1, 2017 - Total Population Change [1]","Cumulative Estimates of the Components of Population Change - April 1, 2010 to July 1, 2017 - Natural Increase","Cumulative Estimates of the Components of Population Change - April 1, 2010 to July 1, 2017 - Vital Events - Births","Cumulative Estimates of the Components of Population Change - April 1, 2010 to July 1, 2017 - Vital Events - Deaths","Cumulative Estimates of the Components of Population Change - April 1, 2010 to July 1, 2017 - Net Migration - Total","Cumulative Estimates of the Components of Population Change - April 1, 2010 to July 1, 2017 - Net Migration - International [2]","Cumulative Estimates of the Components of Population Change - April 1, 2010 to July 1, 2017 - Net Migration - Domestic","Annual Estimates of the Components of Population Change - July 1, 2016 to July 1, 2017 - Total Population Change [1]","Annual Estimates of the Components of Population Change - July 1, 2016 to July 1, 2017 - Natural Increase","Annual Estimates of the Components of Population Change - July 1, 2016 to July 1, 2017 - Vital Events - Births","Annual Estimates of the Components of Population Change - July 1, 2016 to July 1, 2017 - Vital Events - Deaths","Annual Estimates of the Components of Population Change - July 1, 2016 to July 1, 2017 - Net Migration - Total","Annual Estimates of the Components of Population Change - July 1, 2016 to July 1, 2017 - Net Migration - International [2]","Annual Estimates of the Components of Population Change - July 1, 2016 to July 1, 2017 - Net Migration - Domestic"
310M300US10100,10100,"Aberdeen, SD Micro Area",2495,916,3940,3024,1584,704,880,241,172,566,394,72,81,-9
310M300US10140,10140,"Aberdeen, WA Micro Area",-107,-203,5702,5905,99,263,-164,1072,-53,764,817,1120,42,1078
310M300US10220,10220,"Ada, OK Micro Area",732,698,3897,3199,60,312,-252,-219,-8,502,510,-211,58,-269
310M300US10300,10300,"Adrian, MI Micro Area",-1269,499,7601,7102,-1765,219,-1984,113,70,1042,972,49,40,9
310M300US10460,10460,"Alamogordo, NM Micro Area",2000,2406,6601,4195,-492,2900,-3392,633,375,976,601,261,374,-113
310M300US10620,10620,"Albemarle, NC Micro Area",896,-42,4826,4868,983,273,710,602,-13,680,693,615,47,568
310M300US10660,10660,"Albert Lea, MN Micro Area",-720,-132,2479,2611,-578,119,-697,132,-31,320,351,165,19,146
310M300US10700,10700,"Albertville, AL Micro Area",2529,1534,9444,7910,1077,663,414,505,189,1335,1146,322,78,244
310M300US10760,10760,"Alexander City, AL Micro Area",-937,-443,3387,3830,-483,9,-492,107,-109,452,561,217,-2,219
310M300US10820,10820,"Alexandria, MN Micro Area",1566,66,2979,2913,1522,81,1441,402,0,429,429,402,11,391
310M300US10860,10860,"Alice, TX Micro Area",33,1816,4712,2896,-1783,222,-2005,-244,236,614,378,-481,49,-530
310M300US10940,10940,"Alma, MI Micro Area",-1458,-218,2957,3175,-1246,95,-1341,86,-46,388,434,132,16,116
310M300US10980,10980,"Alpena, MI Micro Area",-1136,-704,1916,2620,-413,9,-422,-195,-83,258,341,-112,1,-113
310M300US11060,11060,"Altus, OK Micro Area",-1321,1233,3049,1816,-2593,533,-3126,-272,183,380,197,-458,48,-506
310M300US11140,11140,"Americus, GA Micro Area",-2767,520,3245,2725,-3339,61,-3400,-453,52,424,372,-504,8,-512
310M300US11220,11220,"Amsterdam, NY Micro Area",-998,184,4369,4185,-1177,882,-2059,-8,78,629,551,-85,144,-229
310M300US11380,11380,"Andrews, TX Micro Area",2936,1384,2221,837,1508,227,1281,-115,209,304,95,-323,48,-371
310M300US11420,11420,"Angola, IN Micro Area",301,547,2776,2229,-223,86,-309,96,92,404,312,6,19,-13
310M300US11580,11580,"Arcadia, FL Micro Area",2000,574,2752,2178,1431,764,667,937,62,368,306,873,120,753
310M300US11620,11620,"Ardmore, OK Micro Area",464,373,4886,4513,122,92,30,-169,40,702,662,-209,12,-221
310M300US11660,11660,"Arkadelphia, AR Micro Area",-700,-125,1727,1852,-570,85,-655,-257,-30,225,255,-227,15,-242
310M300US11680,11680,"Arkansas City-Winfield, KS Micro Area",-945,169,3285,3116,-1117,333,-1450,-260,22,429,407,-284,59,-343
310M300US11740,11740,"Ashland, OH Micro Area",489,477,4475,3998,20,559,-539,211,40,620,580,175,89,86
310M300US11780,11780,"Ashtabula, OH Micro Area",-3681,-354,8029,8383,-3327,452,-3779,-362,-24,1088,1112,-336,76,-412
310M300US11820,11820,"Astoria, OR Micro Area",2153,252,3060,2808,1899,109,1790,545,36,427,391,506,0,506
310M300US11860,11860,"Atchison, KS Micro Area",-589,184,1495,1311,-780,-16,-764,-41,38,207,169,-80,-2,-78
310M300US11900,11900,"Athens, OH Micro Area",1833,453,3927,3474,1285,2081,-796,277,58,519,461,219,326,-107
310M300US11940,11940,"Athens, TN Micro Area",599,-639,4107,4746,1277,414,863,218,-72,569,641,294,61,233
310M300US11980,11980,"Athens, TX Micro Area",2530,-877,6556,7433,3441,255,3186,1030,-169,912,1081,1196,61,1135
310M300US12120,12120,"Atmore, AL Micro Area",-872,-162,3237,3399,-690,-2,-688,-29,-70,429,499,43,-1,44
310M300US12140,12140,"Auburn, IN Micro Area",617,946,3823,2877,-304,-20,-284,216,116,518,402,102,-6,108
310M300US12180,12180,"Auburn, NY Micro Area",-2400,120,5527,5407,-2516,498,-3014,-154,10,698,688,-162,76,-238
310M300US12300,12300,"Augusta-Waterville, ME Micro Area",-330,-769,8651,9420,529,430,99,493,-83,1194,1277,582,73,509
310M300US12380,12380,"Austin, MN Micro Area",403,924,3647,2723,-504,622,-1126,237,139,508,369,99,101,-2
310M300US12460,12460,"Bainbridge, GA Micro Area",-1126,426,2663,2237,-1559,-14,-1545,1,42,372,330,-39,2,-41
310M300US12660,12660,"Baraboo, WI Micro Area",2005,1230,5564,4334,827,373,454,377,141,762,621,240,51,189
310M300US12680,12680,"Bardstown, KY Micro Area",2203,1508,4216,2708,717,-36,753,128,154,552,398,-24,-6,-18
310M300US12740,12740,"Barre, VT Micro Area",-1236,312,4151,3839,-1524,69,-1593,-75,20,537,517,-94,11,-105
310M300US12780,12780,"Bartlesville, OK Micro Area",958,285,4708,4423,712,544,168,18,11,663,652,9,89,-80
310M300US12820,12820,"Bastrop, LA Micro Area",-2338,-114,2615,2729,-2243,35,-2278,-273,-20,334,354,-252,4,-256
310M300US12860,12860,"Batavia, NY Micro Area",-1988,-171,4305,4476,-1813,361,-2174,-207,-65,559,624,-140,46,-186
310M300US12900,12900,"Batesville, AR Micro Area",862,390,3417,3027,485,164,321,410,73,494,421,339,23,316
310M300US13060,13060,"Bay City, TX Micro Area",138,1188,3884,2696,-1046,58,-1104,-277,163,552,389,-441,15,-456
310M300US13100,13100,"Beatrice, NE Micro Area",-710,-302,1720,2022,-405,-15,-390,-8,-42,230,272,36,-2,38
310M300US13180,13180,"Beaver Dam, WI Micro Area",-984,-380,6029,6409,-553,210,-763,358,-89,797,886,451,31,420
310M300US13260,13260,"Bedford, IN Micro Area",-463,-458,3503,3961,38,143,-105,91,-46,489,535,141,18,123
310M300US13300,13300,"Beeville, TX Micro Area",702,991,2772,1781,-294,65,-359,-272,168,384,216,-442,11,-453
310M300US13340,13340,"Bellefontaine, OH Micro Area",-529,480,3958,3478,-993,142,-1135,154,48,532,484,109,27,82
310M300US13420,13420,"Bemidji, MN Micro Area",2071,2088,5034,2946,7,346,-339,502,269,675,406,234,64,170
310M300US13500,13500,"Bennettsville, SC Micro Area",-2108,-173,2212,2385,-1946,68,-2014,-211,-2,302,304,-211,11,-222
310M300US13540,13540,"Bennington, VT Micro Area",-1531,-713,2465,3178,-805,43,-848,-260,-110,340,450,-149,15,-164
310M300US13620,13620,"Berlin, NH-VT Micro Area",-1494,-1279,2227,3506,-260,36,-296,-299,-171,300,471,-126,4,-130
310M300US13660,13660,"Big Rapids, MI Micro Area",593,367,3062,2695,231,454,-223,219,61,409,348,160,71,89
310M300US13700,13700,"Big Spring, TX Micro Area",1150,617,3439,2822,508,534,-26,-580,123,479,356,-707,94,-801
310M300US13720,13720,"Big Stone Gap, VA Micro Area",-4008,-839,4559,5398,-3194,165,-3359,-758,-130,553,683,-631,31,-662
310M300US13940,13940,"Blackfoot, ID Micro Area",320,2834,5305,2471,-2548,33,-2581,672,339,702,363,337,22,315
310M300US14140,14140,"Bluefield, WV-VA Micro Area",-6490,-2482,8540,11022,-3971,26,-3997,-1692,-408,1103,1511,-1288,-1,-1287
310M300US14180,14180,"Blytheville, AR Micro Area",-4321,1083,4732,3649,-5462,37,-5499,-726,125,626,501,-854,12,-866
310M300US14220,14220,"Bogalusa, LA Micro Area",-538,131,4290,4159,-648,-96,-552,209,28,631,603,183,-16,199
310M300US14300,14300,"Bonham, TX Micro Area",536,-526,2496,3022,1089,105,984,591,-77,370,447,668,21,647
310M300US14340,14340,"Boone, IA Micro Area",178,22,2157,2135,170,-71,241,65,1,291,290,66,-15,81
310M300US14380,14380,"Boone, NC Micro Area",4057,161,2583,2422,3859,154,3705,1022,17,366,349,997,30,967
310M300US14420,14420,"Borger, TX Micro Area",-874,417,2157,1740,-1301,121,-1422,-195,66,286,220,-262,23,-285
310M300US14580,14580,"Bozeman, MT Micro Area",18297,4563,8431,3868,13540,494,13046,3738,680,1269,589,3032,76,2956
310M300US14620,14620,"Bradford, PA Micro Area",-2120,-813,3010,3823,-1289,110,-1399,-188,-121,394,515,-66,18,-84
310M300US14660,14660,"Brainerd, MN Micro Area",2712,762,7692,6930,2015,306,1709,1008,41,1031,990,969,50,919
310M300US14700,14700,"Branson, MO Micro Area",3172,-178,6397,6575,3372,427,2945,771,-16,892,908,788,73,715
310M300US14720,14720,"Breckenridge, CO Micro Area",2591,1646,2057,411,901,548,353,253,233,291,58,18,60,-42
310M300US14780,14780,"Brenham, TX Micro Area",1343,237,2971,2734,1115,412,703,222,45,411,366,179,66,113
310M300US14820,14820,"Brevard, NC Micro Area",869,-957,1946,2903,1835,71,1764,485,-144,266,410,625,18,607
310M300US15020,15020,"Brookhaven, MS Micro Area",-522,283,3211,2928,-789,58,-847,-57,5,401,396,-61,10,-71
310M300US15060,15060,"Brookings, OR Micro Area",305,-1363,1304,2667,1661,-162,1823,81,-181,181,362,262,-26,288
310M300US15100,15100,"Brookings, SD Micro Area",2293,1598,3015,1417,700,775,-75,198,242,442,200,-44,122,-166
310M300US15140,15140,"Brownsville, TN Micro Area",-1234,169,1556,1387,-1416,18,-1434,-230,-27,189,216,-203,5,-208
310M300US15220,15220,"Brownwood, TX Micro Area",-53,-485,3056,3541,458,248,210,-12,-49,417,466,39,45,-6
310M300US15340,15340,"Bucyrus, OH Micro Area",-2039,-363,3464,3827,-1675,41,-1716,-291,-24,474,498,-267,8,-275
310M300US15420,15420,"Burley, ID Micro Area",1372,2486,5093,2607,-1127,334,-1461,348,348,672,324,1,58,-57
310M300US15460,15460,"Burlington, IA-IL Micro Area",-1441,-125,3818,3943,-1312,164,-1476,-287,-12,503,515,-278,34,-312
310M300US15580,15580,"Butte-Silver Bow, MT Micro Area",393,-93,2888,2981,504,353,151,135,-19,396,415,155,68,87
310M300US15620,15620,"Cadillac, MI Micro Area",690,499,4233,3734,213,144,69,152,89,569,480,65,23,42
310M300US15660,15660,"Calhoun, GA Micro Area",1903,1557,5113,3556,369,383,-14,102,197,716,519,-95,59,-154
310M300US15700,15700,"Cambridge, MD Micro Area",-456,48,2729,2681,-486,235,-721,-105,-24,367,391,-77,45,-122
310M300US15740,15740,"Cambridge, OH Micro Area",-998,79,3343,3264,-1059,35,-1094,-107,11,462,451,-118,8,-126
310M300US15780,15780,"Camden, AR Micro Area",-2374,-529,2456,2985,-1858,57,-1915,-66,-65,311,376,1,10,-9
310M300US15820,15820,"Campbellsville, KY Micro Area",960,229,2366,2137,719,347,372,35,9,327,318,26,61,-35
310M300US15860,15860,"Cañon City, CO Micro Area",735,-1170,2721,3891,1881,57,1824,653,-156,392,548,806,-5,811
310M300US15900,15900,"Canton, IL Micro Area",-1959,-774,2467,3241,-1170,46,-1216,-407,-138,314,452,-268,13,-281
310M300US16100,16100,"Carlsbad-Artesia, NM Micro Area",3168,2119,6109,3990,1031,224,807,-459,342,873,531,-804,57,-861
310M300US16140,16140,"Carroll, IA Micro Area",-496,141,1897,1756,-637,37,-674,-46,22,262,240,-69,7,-76
310M300US16260,16260,"Cedar City, UT Micro Area",4838,4168,6285,2117,659,-30,689,1205,626,920,294,578,-16,594
310M300US16340,16340,"Cedartown, GA Micro Area",610,681,4098,3417,-66,456,-522,355,76,577,501,279,67,212
310M300US16380,16380,"Celina, OH Micro Area",59,1103,4074,2971,-1038,67,-1105,163,202,596,394,-37,12,-49
310M300US16420,16420,"Central City, KY Micro Area",-683,-340,2477,2817,-339,-8,-331,-248,-90,336,426,-158,-1,-157
310M300US16460,16460,"Centralia, IL Micro Area",-1535,-48,3573,3621,-1476,81,-1557,-164,74,483,409,-238,17,-255
310M300US16500,16500,"Centralia, WA Micro Area",2743,432,6497,6065,2331,282,2049,1570,51,934,883,1513,39,1474
310M300US16660,16660,"Charleston-Mattoon, IL Micro Area",-2034,116,4587,4471,-2156,414,-2570,-417,54,637,583,-474,70,-544
310M300US17060,17060,"Chillicothe, OH Micro Area",-752,128,6071,5943,-854,178,-1032,403,-3,821,824,407,28,379
310M300US17200,17200,"Claremont-Lebanon, NH-VT Micro Area",-1930,-1018,13853,14871,-778,1580,-2358,79,-146,1854,2000,236,233,3
310M300US17220,17220,"Clarksburg, WV Micro Area",-895,-640,7613,8253,-209,-51,-158,-509,-102,1040,1142,-403,-15,-388
310M300US17260,17260,"Clarksdale, MS Micro Area",-2991,880,3070,2190,-3910,2,-3912,-666,94,377,283,-762,0,-762
310M300US17340,17340,"Clearlake, CA Micro Area",-419,-714,5282,5996,326,-28,354,296,-96,702,798,391,1,390
310M300US17380,17380,"Cleveland, MS Micro Area",-2203,719,3680,2961,-2935,59,-2994,-689,34,434,400,-724,15,-739
310M300US17500,17500,"Clewiston, FL Micro Area",1207,2264,4310,2046,-1154,1595,-2749,707,283,596,313,426,285,141
310M300US17540,17540,"Clinton, IA Micro Area",-2106,222,4191,3969,-2334,223,-2557,-226,60,580,520,-287,41,-328
310M300US17580,17580,"Clovis, NM Micro Area",1436,3876,6641,2765,-2512,1284,-3796,-356,516,878,362,-873,82,-955
310M300US17700,17700,"Coffeyville, KS Micro Area",-2912,163,3238,3075,-3113,364,-3477,-311,67,415,348,-379,59,-438
310M300US17740,17740,"Coldwater, MI Micro Area",-1838,689,3819,3130,-2570,312,-2882,-47,100,507,407,-144,50,-194
310M300US18060,18060,"Columbus, MS Micro Area",-593,1476,5753,4277,-2057,771,-2828,-274,196,798,602,-470,85,-555
310M300US18100,18100,"Columbus, NE Micro Area",938,1561,3525,1964,-618,334,-952,229,232,495,263,-2,57,-59
310M300US18180,18180,"Concord, NH Micro Area",2769,292,9859,9567,2569,1973,596,1083,45,1361,1316,1043,335,708
310M300US18220,18220,"Connersville, IN Micro Area",-1093,-469,1763,2232,-614,33,-647,-48,-45,239,284,-2,6,-8
310M300US18260,18260,"Cookeville, TN Micro Area",5300,141,8895,8754,5204,2063,3141,1660,6,1235,1229,1650,368,1282
310M300US18300,18300,"Coos Bay, OR Micro Area",845,-1812,4504,6316,2694,265,2429,513,-253,629,882,765,41,724
310M300US18380,18380,"Cordele, GA Micro Area",-703,453,2195,1742,-1185,102,-1287,-199,33,301,268,-231,17,-248
310M300US18420,18420,"Corinth, MS Micro Area",153,-88,3197,3285,271,39,232,-30,-2,443,445,-25,8,-33
310M300US18460,18460,"Cornelia, GA Micro Area",1526,566,3637,3071,960,121,839,390,53,512,459,337,31,306
310M300US18500,18500,"Corning, NY Micro Area",-2705,761,7898,7137,-3451,416,-3867,-549,30,1033,1003,-580,59,-639
310M300US18620,18620,"Corsicana, TX Micro Area",861,1300,5046,3746,-415,78,-493,326,130,690,560,199,21,178
310M300US18660,18660,"Cortland, NY Micro Area",-1499,241,3385,3144,-1740,162,-1902,-148,38,453,415,-185,26,-211
310M300US18740,18740,"Coshocton, OH Micro Area",-354,443,3305,2862,-785,67,-852,-100,93,467,374,-193,12,-205
310M300US18780,18780,"Craig, CO Micro Area",-664,650,1334,684,-1345,50,-1395,-30,102,187,85,-133,6,-139
310M300US18820,18820,"Crawfordsville, IN Micro Area",404,559,3346,2787,-135,219,-354,202,89,467,378,117,56,61
310M300US18860,18860,"Crescent City, CA Micro Area",-1140,316,2281,1965,-1487,16,-1503,20,42,306,264,-20,-2,-18
310M300US18900,18900,"Crossville, TN Micro Area",3016,-1614,4041,5655,4590,196,4394,546,-259,545,804,803,36,767
310M300US18980,18980,"Cullman, AL Micro Area",2345,122,7125,7003,2279,174,2105,433,-23,991,1014,457,30,427
310M300US19000,19000,"Cullowhee, NC Micro Area",2697,331,2857,2526,2363,448,1915,705,31,403,372,672,67,605
310M300US19220,19220,"Danville, KY Micro Area",1210,264,4552,4288,931,70,861,146,35,622,587,113,17,96
310M300US19260,19260,"Danville, VA Micro Area",-4162,-2388,7632,10020,-1737,320,-2057,-928,-379,1006,1385,-546,51,-597
310M300US19420,19420,"Dayton, TN Micro Area",889,51,2780,2729,851,160,691,299,1,380,379,297,38,259
310M300US19540,19540,"Decatur, IN Micro Area",1104,2703,4858,2155,-1608,35,-1643,259,418,666,248,-159,3,-162
310M300US19580,19580,"Defiance, OH Micro Area",-875,396,3171,2775,-1277,196,-1473,35,27,413,386,11,37,-26
310M300US19620,19620,"Del Rio, TX Micro Area",326,3851,6384,2533,-3568,856,-4424,252,525,885,360,-273,125,-398
310M300US19700,19700,"Deming, NM Micro Area",-1018,736,2888,2152,-1755,-53,-1702,-210,135,414,279,-343,4,-347
310M300US19760,19760,"DeRidder, LA Micro Area",1274,1076,3646,2570,208,188,20,-70,138,525,387,-208,13,-221
310M300US19860,19860,"Dickinson, ND Micro Area",6010,1680,3335,1655,4147,322,3825,-647,282,510,228,-935,49,-984
310M300US19940,19940,"Dixon, IL Micro Area",-1625,-114,2505,2619,-1517,24,-1541,7,-65,324,389,76,6,70
310M300US19980,19980,"Dodge City, KS Micro Area",533,3081,4791,1710,-2588,1777,-4365,-120,396,619,223,-520,334,-854
310M300US20060,20060,"Douglas, GA Micro Area",658,1421,4234,2813,-807,316,-1123,-1,152,560,408,-154,44,-198
310M300US20140,20140,"Dublin, GA Micro Area",-1300,722,5337,4615,-2020,91,-2111,196,71,727,656,127,19,108
310M300US20180,20180,"DuBois, PA Micro Area",-1909,-1396,5349,6745,-456,391,-847,-350,-236,710,946,-112,63,-175
310M300US20300,20300,"Dumas, TX Micro Area",193,2099,3097,998,-1948,1327,-3275,162,324,449,125,-163,193,-356
310M300US20340,20340,"Duncan, OK Micro Area",-1716,-117,3918,4035,-1576,132,-1708,-661,-44,494,538,-619,25,-644
310M300US20380,20380,"Dunn, NC Micro Area",18057,6535,13261,6726,11357,1963,9394,1855,826,1849,1023,1024,171,853
310M300US20420,20420,"Durango, CO Micro Area",4254,1653,3985,2332,2570,-65,2635,373,207,560,353,166,-9,175
310M300US20460,20460,"Durant, OK Micro Area",3903,685,4198,3513,3198,32,3166,827,41,573,532,783,7,776
310M300US20540,20540,"Dyersburg, TN Micro Area",-867,266,3450,3184,-1129,127,-1256,-142,4,467,463,-144,21,-165
310M300US20580,20580,"Eagle Pass, TX Micro Area",3958,5265,7944,2679,-1298,1491,-2789,227,728,1113,385,-504,316,-820
310M300US20660,20660,"Easton, MD Micro Area",-679,-810,2403,3213,163,291,-128,-101,-155,319,474,56,49,7
310M300US20780,20780,"Edwards, CO Micro Area",2575,3988,4743,755,-1445,560,-2005,408,521,636,115,-114,76,-190
310M300US20820,20820,"Effingham, IL Micro Area",-110,679,3275,2596,-781,120,-901,-50,128,467,339,-178,23,-201
310M300US20900,20900,"El Campo, TX Micro Area",688,1026,4053,3027,-323,103,-426,334,175,588,413,163,24,139
310M300US20980,20980,"El Dorado, AR Micro Area",-2190,44,3880,3836,-2249,-47,-2202,-418,30,576,546,-448,-6,-442
310M300US21020,21020,"Elizabeth City, NC Micro Area",-296,544,5151,4607,-861,644,-1505,333,85,679,594,252,76,176
310M300US21120,21120,"Elk City, OK Micro Area",-326,805,2549,1744,-1160,42,-1202,-639,34,294,260,-675,17,-692
310M300US21180,21180,"Elkins, WV Micro Area",-620,-449,2199,2648,-157,62,-219,-177,-94,280,374,-81,11,-92
310M300US21220,21220,"Elko, NV Micro Area",3681,3300,5401,2101,298,110,188,387,467,819,352,-80,22,-102
310M300US21260,21260,"Ellensburg, WA Micro Area",5299,883,2972,2089,4392,550,3842,1277,138,436,298,1132,86,1046
310M300US21380,21380,"Emporia, KS Micro Area",-298,1014,3042,2028,-1345,761,-2106,-8,165,425,260,-176,116,-292
310M300US21460,21460,"Enterprise, AL Micro Area",1926,1026,4619,3593,890,724,166,657,126,643,517,533,50,483
310M300US21540,21540,"Escanaba, MI Micro Area",-1104,-426,2647,3073,-655,-3,-652,-260,-76,345,421,-184,0,-184
310M300US21580,21580,"Española, NM Micro Area",-1075,1108,4012,2904,-2190,206,-2396,1,75,516,441,-72,31,-103
310M300US21640,21640,"Eufaula, AL-GA Micro Area",-2342,-177,2247,2424,-2176,-54,-2122,-479,-4,298,302,-477,-4,-473
310M300US21700,21700,"Eureka-Arcata-Fortuna, CA Micro Area",2131,1373,10758,9385,795,435,360,305,114,1446,1332,195,59,136
310M300US21740,21740,"Evanston, WY Micro Area",-623,1233,2247,1014,-1886,-51,-1835,-216,155,295,140,-373,-1,-372
310M300US21840,21840,"Fairfield, IA Micro Area",1582,-63,1090,1153,1648,2097,-449,250,-15,159,174,267,340,-73
310M300US21860,21860,"Fairmont, MN Micro Area",-990,-210,1610,1820,-776,-10,-766,-40,7,228,221,-45,-2,-43
310M300US21900,21900,"Fairmont, WV Micro Area",-81,-101,4685,4786,65,88,-23,-140,-70,616,686,-68,13,-81
310M300US21980,21980,"Fallon, NV Micro Area",-647,371,2283,1912,-1038,475,-1513,214,38,299,261,177,42,135
310M300US22060,22060,"Faribault-Northfield, MN Micro Area",1826,1901,5272,3371,-63,967,-1030,380,282,761,479,100,163,-63
310M300US22100,22100,"Farmington, MO Micro Area",1335,-207,5287,5494,1553,15,1538,312,-68,683,751,381,2,379
310M300US22260,22260,"Fergus Falls, MN Micro Area",1042,-194,4707,4901,1293,543,750,364,10,681,671,359,94,265
310M300US22280,22280,"Fernley, NV Micro Area",2142,196,4164,3968,1935,-99,2034,1268,21,607,586,1243,-16,1259
310M300US22300,22300,"Findlay, OH Micro Area",965,1430,6593,5163,-433,727,-1160,164,196,895,699,-30,127,-157
310M300US22340,22340,"Fitzgerald, GA Micro Area",-638,148,1710,1562,-780,-31,-749,-194,21,231,210,-214,-4,-210
310M300US22580,22580,"Forest City, NC Micro Area",-1265,-1205,4892,6097,0,114,-114,246,-173,660,833,423,18,405
310M300US22620,22620,"Forrest City, AR Micro Area",-2324,511,2536,2025,-2869,129,-2998,-374,31,334,303,-407,19,-426
310M300US22700,22700,"Fort Dodge, IA Micro Area",-1408,-29,3206,3235,-1385,285,-1670,-147,24,443,419,-171,48,-219
310M300US22780,22780,"Fort Leonard Wood, MO Micro Area",-215,3838,5954,2116,-4147,2734,-6881,-552,498,769,271,-1056,171,-1227
310M300US22800,22800,"Fort Madison-Keokuk, IA-IL-MO Micro Area",-3057,-217,4987,5204,-2840,84,-2924,-368,3,699,696,-371,13,-384
310M300US22820,22820,"Fort Morgan, CO Micro Area",33,1337,3185,1848,-1313,634,-1947,129,193,443,250,-62,94,-156
310M300US22840,22840,"Fort Payne, AL Micro Area",502,619,6142,5523,-67,582,-649,401,69,839,770,338,92,246
310M300US22860,22860,"Fort Polk South, LA Micro Area",-1608,4857,7581,2724,-6590,1747,-8337,-895,599,969,370,-1492,66,-1558
310M300US23140,23140,"Frankfort, IN Micro Area",-906,690,3253,2563,-1612,120,-1732,50,137,456,319,-86,7,-93
310M300US23180,23180,"Frankfort, KY Micro Area",2325,893,6027,5134,1488,360,1128,644,142,843,701,506,54,452
310M300US23240,23240,"Fredericksburg, TX Micro Area",1809,-648,1821,2469,2456,381,2075,341,-104,262,366,447,74,373
310M300US23300,23300,"Freeport, IL Micro Area",-2657,-270,3626,3896,-2402,169,-2571,-486,-56,497,553,-431,32,-463
310M300US23340,23340,"Fremont, NE Micro Area",22,396,3552,3156,-364,176,-540,140,98,504,406,44,39,5
310M300US23380,23380,"Fremont, OH Micro Area",-1751,333,4909,4576,-2084,44,-2128,-86,70,683,613,-153,3,-156
310M300US23500,23500,"Gaffney, SC Micro Area",1638,537,4922,4385,1142,-38,1180,380,74,663,589,307,-1,308
310M300US23620,23620,"Gainesville, TX Micro Area",1465,1004,3934,2930,464,250,214,651,162,569,407,490,46,444
310M300US23660,23660,"Galesburg, IL Micro Area",-2281,-884,3948,4832,-1365,540,-1905,-307,-40,539,579,-267,90,-357
310M300US23700,23700,"Gallup, NM Micro Area",1076,4107,8253,4146,-3038,543,-3581,-394,321,938,617,-719,104,-823
310M300US23780,23780,"Garden City, KS Micro Area",282,3779,5560,1781,-3549,1345,-4894,146,518,750,232,-372,228,-600
310M300US23820,23820,"Gardnerville Ranchos, NV Micro Area",1312,-763,2618,3381,2111,198,1913,362,-159,365,524,521,51,470
310M300US23860,23860,"Georgetown, SC Micro Area",1449,-1092,4187,5279,2565,65,2500,233,-270,554,824,504,-2,506
310M300US23940,23940,"Gillette, WY Micro Area",109,3684,5500,1816,-3627,-32,-3595,-2558,455,747,292,-3027,5,-3032
310M300US23980,23980,"Glasgow, KY Micro Area",1636,535,4968,4433,1124,219,905,109,56,714,658,54,34,20
310M300US24060,24060,"Glenwood Springs, CO Micro Area",3471,4372,6937,2565,-943,698,-1641,208,591,970,379,-381,123,-504
310M300US24100,24100,"Gloversville, NY Micro Area",-1646,-486,3879,4365,-1149,198,-1347,181,-62,512,574,249,31,218
310M300US24330,24330,"Grand Rapids, MN Micro Area",79,-350,3393,3743,474,12,462,-12,-12,463,475,3,1,2
310M300US24380,24380,"Grants, NM Micro Area",-362,877,2752,1875,-1249,124,-1373,-143,52,334,282,-197,22,-219
310M300US24460,24460,"Great Bend, KS Micro Area",-1196,456,2622,2166,-1646,71,-1717,-435,42,346,304,-477,21,-498
310M300US24620,24620,"Greeneville, TN Micro Area",-17,-1643,4619,6262,1671,122,1549,249,-247,661,908,500,20,480
310M300US24640,24640,"Greenfield Town, MA Micro Area",-670,-501,4452,4953,-134,1177,-1311,84,-93,588,681,182,194,-12
310M300US24700,24700,"Greensburg, IN Micro Area",1006,573,2439,1866,455,262,193,96,79,351,272,18,42,-24
310M300US24740,24740,"Greenville, MS Micro Area",-4914,1229,5509,4280,-6216,112,-6328,-970,41,662,621,-1015,30,-1045
310M300US24820,24820,"Greenville, OH Micro Area",-1433,248,4454,4206,-1677,32,-1709,-100,2,594,592,-100,7,-107
310M300US24900,24900,"Greenwood, MS Micro Area",-3617,772,4180,3408,-4454,86,-4540,-576,71,545,474,-646,4,-650
310M300US24940,24940,"Greenwood, SC Micro Area",0,862,8064,7202,-817,679,-1496,188,-10,1031,1041,205,112,93
310M300US24980,24980,"Grenada, MS Micro Area",-819,-104,1972,2076,-710,-19,-691,-132,17,276,259,-148,-3,-145
310M300US25100,25100,"Guymon, OK Micro Area",260,1528,2570,1042,-1310,632,-1942,-231,212,346,134,-447,91,-538
310M300US25200,25200,"Hailey, ID Micro Area",743,1198,2243,1045,-472,290,-762,352,162,301,139,191,49,142
310M300US25300,25300,"Hannibal, MO Micro Area",-90,365,3387,3022,-432,73,-505,-37,71,462,391,-106,11,-117
310M300US25460,25460,"Harrison, AR Micro Area",-28,-79,3823,3902,70,-65,135,149,-26,532,558,177,-6,183
310M300US25580,25580,"Hastings, NE Micro Area",311,723,2952,2229,-399,115,-514,21,93,401,308,-72,30,-102
310M300US25700,25700,"Hays, KS Micro Area",237,877,2690,1813,-644,340,-984,-134,106,358,252,-241,52,-293
310M300US25720,25720,"Heber, UT Micro Area",8581,2105,3007,902,6396,525,5871,1535,305,438,133,1227,76,1151
310M300US25740,25740,"Helena, MT Micro Area",4866,1318,6201,4883,3559,81,3478,1102,155,881,726,946,-2,948
310M300US25760,25760,"Helena-West Helena, AR Micro Area",-3183,244,2201,1957,-3476,-4,-3472,-478,25,290,265,-506,1,-507
310M300US25780,25780,"Henderson, NC Micro Area",-1208,459,4067,3608,-1665,-5,-1660,-215,-1,528,529,-212,11,-223
310M300US25820,25820,"Hereford, TX Micro Area",-536,1422,2476,1054,-1989,238,-2227,-14,178,340,162,-193,37,-230
310M300US25840,25840,"Hermiston-Pendleton, OR Micro Area",1089,3689,8868,5179,-2590,-84,-2506,283,431,1161,730,-143,9,-152
310M300US25880,25880,"Hillsdale, MI Micro Area",-809,570,3912,3342,-1366,-6,-1360,112,72,525,453,42,0,42
310M300US25900,25900,"Hilo, HI Micro Area",15305,5601,17477,11876,9774,4602,5172,1700,417,2347,1930,1290,652,638
310M300US26020,26020,"Hobbs, NM Micro Area",4032,4365,8195,3830,-392,598,-990,-1091,612,1102,490,-1709,139,-1848
310M300US26090,26090,"Holland, MI Micro Area",5037,3074,9839,6765,1998,437,1561,1492,437,1356,919,1060,73,987
310M300US26220,26220,"Hood River, OR Micro Area",1031,803,2070,1267,234,-61,295,313,118,281,163,193,-10,203
310M300US26260,26260,"Hope, AR Micro Area",-1425,520,3084,2564,-1954,-62,-1892,-212,56,390,334,-267,-7,-260
310M300US26340,26340,"Houghton, MI Micro Area",-374,178,2862,2684,-571,1165,-1736,-16,20,387,367,-36,169,-205
310M300US26460,26460,"Hudson, NY Micro Area",-2462,-987,3847,4834,-1446,650,-2096,-406,-148,505,653,-256,111,-367
310M300US26500,26500,"Huntingdon, PA Micro Area",-540,-250,3086,3336,-256,165,-421,-12,-118,393,511,110,26,84
310M300US26540,26540,"Huntington, IN Micro Area",-787,157,3072,2915,-936,81,-1017,-31,34,420,386,-64,17,-81
310M300US26660,26660,"Huntsville, TX Micro Area",4376,404,5640,5236,3955,949,3006,698,18,813,795,680,155,525
310M300US26700,26700,"Huron, SD Micro Area",758,915,2326,1411,-164,1012,-1176,70,122,310,188,-51,163,-214
310M300US26740,26740,"Hutchinson, KS Micro Area",-2001,-140,5220,5360,-1826,-35,-1791,-530,-26,657,683,-504,-7,-497
310M300US26780,26780,"Hutchinson, MN Micro Area",-767,655,3063,2408,-1436,112,-1548,136,77,418,341,61,15,46
310M300US26860,26860,"Indiana, PA Micro Area",-3940,-449,6025,6474,-3481,623,-4104,-303,-140,749,889,-162,104,-266
310M300US26940,26940,"Indianola, MS Micro Area",-3404,233,2374,2141,-3733,30,-3763,-408,-9,284,293,-400,8,-408
310M300US26960,26960,"Ionia, MI Micro Area",386,1668,5347,3679,-1264,30,-1294,109,197,725,528,-84,4,-88
310M300US27020,27020,"Iron Mountain, MI-WI Micro Area",-805,-570,2019,2589,-224,-24,-200,-63,-67,286,353,5,-2,7
310M300US27160,27160,"Jackson, OH Micro Area",-777,171,3077,2906,-945,106,-1051,-85,30,415,385,-115,24,-139
310M300US27220,27220,"Jackson, WY-ID Micro Area",3187,2109,2976,867,1038,254,784,380,303,426,123,75,28,47
310M300US27300,27300,"Jacksonville, IL Micro Area",-2106,-217,3021,3238,-1880,196,-2076,-449,-6,406,412,-442,30,-472
310M300US27380,27380,"Jacksonville, TX Micro Area",1406,1786,5526,3740,-341,163,-504,344,254,777,523,94,43,51
310M300US27420,27420,"Jamestown, ND Micro Area",-13,-49,1680,1729,47,34,13,78,-1,225,226,79,7,72
310M300US27460,27460,"Jamestown-Dunkirk-Fredonia, NY Micro Area",-5858,-192,10154,10346,-5690,1517,-7207,-592,6,1368,1362,-597,229,-826
310M300US27540,27540,"Jasper, IN Micro Area",270,1032,4942,3910,-742,397,-1139,39,159,703,544,-118,71,-189
310M300US27600,27600,"Jefferson, GA Micro Area",7059,1818,5752,3934,5226,7,5219,2541,271,850,579,2261,-3,2264
310M300US27660,27660,"Jennings, LA Micro Area",-117,488,3145,2657,-591,13,-604,107,47,438,391,63,1,62
310M300US27700,27700,"Jesup, GA Micro Area",-282,558,2911,2353,-856,104,-960,-168,41,382,341,-211,23,-234
310M300US27920,27920,"Junction City, KS Micro Area",-502,6089,7576,1487,-6794,1459,-8253,-1353,814,1017,203,-2172,16,-2188
310M300US27940,27940,"Juneau, AK Micro Area",819,1467,2792,1325,-657,508,-1165,-311,182,357,175,-496,65,-561
310M300US28060,28060,"Kalispell, MT Micro Area",9072,2129,8152,6023,6919,-122,7041,2307,333,1177,844,1965,-29,1994
310M300US28180,28180,"Kapaa, HI Micro Area",5068,2171,6343,4172,2949,2720,229,390,205,867,662,191,392,-201
310M300US28260,28260,"Kearney, NE Micro Area",3671,2661,5684,3023,1022,1031,-9,311,369,799,430,-57,164,-221
310M300US28300,28300,"Keene, NH Micro Area",-1157,-56,4958,5014,-1071,132,-1203,263,-13,668,681,281,32,249
310M300US28340,28340,"Kendallville, IN Micro Area",-88,1218,4434,3216,-1293,-11,-1282,10,193,646,453,-183,0,-183
310M300US28380,28380,"Kennett, MO Micro Area",-1834,88,3222,3134,-1931,84,-2015,-437,-26,402,428,-413,23,-436
310M300US28500,28500,"Kerrville, TX Micro Area",2095,-1432,3757,5189,3529,79,3450,424,-185,548,733,608,11,597
310M300US28540,28540,"Ketchikan, AK Micro Area",365,598,1242,644,-237,297,-534,129,66,148,82,64,36,28
310M300US28580,28580,"Key West, FL Micro Area",3923,234,5284,5050,3670,3262,408,-291,-24,737,761,-266,509,-775
310M300US28620,28620,"Kill Devil Hills, NC Micro Area",1824,299,2880,2581,1516,58,1458,352,-24,374,398,374,13,361
310M300US28780,28780,"Kingsville, TX Micro Area",-969,1565,3396,1831,-2575,836,-3411,-270,185,443,258,-457,112,-569
310M300US28820,28820,"Kinston, NC Micro Area",-2635,-363,4751,5114,-2253,340,-2593,-549,-126,615,741,-423,67,-490
310M300US28860,28860,"Kirksville, MO Micro Area",-153,437,2341,1904,-593,533,-1126,171,97,333,236,77,68,9
310M300US28900,28900,"Klamath Falls, OR Micro Area",555,439,5857,5418,149,122,27,652,42,829,787,609,20,589
310M300US29060,29060,"Laconia, NH Micro Area",713,-893,3883,4776,1652,334,1318,179,-229,515,744,411,47,364
310M300US29260,29260,"La Grande, OR Micro Area",478,290,2202,1912,202,103,99,179,40,315,275,142,16,126
310M300US29300,29300,"LaGrange, GA Micro Area",2746,1695,6600,4905,1090,354,736,10,175,913,738,-164,63,-227
310M300US29380,29380,"Lake City, FL Micro Area",2082,215,5822,5607,1886,238,1648,338,-2,807,809,344,42,302
310M300US29500,29500,"Lamesa, TX Micro Area",-1020,357,1347,990,-1416,161,-1577,-229,64,191,127,-292,35,-327
310M300US29660,29660,"Laramie, WY Micro Area",2033,1640,2992,1352,379,980,-601,345,195,393,198,150,173,-23
310M300US29780,29780,"Las Vegas, NM Micro Area",-1639,264,2241,1977,-1928,452,-2380,-208,3,277,274,-211,73,-284
310M300US29860,29860,"Laurel, MS Micro Area",-311,1908,8674,6766,-2190,2,-2192,-260,192,1162,970,-445,7,-452
310M300US29900,29900,"Laurinburg, NC Micro Area",-1064,424,3274,2850,-1498,116,-1614,-157,19,438,419,-175,18,-193
310M300US29980,29980,"Lawrenceburg, TN Micro Area",1545,397,4106,3709,1163,96,1067,417,75,567,492,343,16,327
310M300US30060,30060,"Lebanon, MO Micro Area",-128,628,3417,2789,-751,-32,-719,16,101,487,386,-85,-4,-81
310M300US30220,30220,"Levelland, TX Micro Area",161,816,2327,1511,-651,122,-773,-15,87,294,207,-101,21,-122
310M300US30260,30260,"Lewisburg, PA Micro Area",-354,192,2930,2738,-552,310,-862,-845,-13,397,410,-842,55,-897
310M300US30280,30280,"Lewisburg, TN Micro Area",2325,410,2679,2269,1931,109,1822,958,53,377,324,902,18,884
310M300US30380,30380,"Lewistown, PA Micro Area",-294,333,4169,3836,-589,144,-733,72,73,590,517,4,21,-17
310M300US30420,30420,"Lexington, NE Micro Area",-633,1319,2998,1679,-1976,722,-2698,-109,217,425,208,-326,138,-464
310M300US30580,30580,"Liberal, KS Micro Area",-791,2244,3188,944,-3068,654,-3722,-597,291,407,116,-894,122,-1016
310M300US30660,30660,"Lincoln, IL Micro Area",-1060,-152,2206,2358,-910,62,-972,-93,-10,302,312,-83,7,-90
310M300US30820,30820,"Lock Haven, PA Micro Area",-243,193,3074,2881,-425,144,-569,13,24,416,392,-9,26,-35
310M300US30880,30880,"Logan, WV Micro Area",-3820,-971,2878,3849,-2868,-28,-2840,-719,-160,332,492,-562,-3,-559
310M300US30900,30900,"Logansport, IN Micro Area",-972,737,3571,2834,-1728,742,-2470,-19,64,473,409,-83,121,-204
310M300US30940,30940,"London, KY Micro Area",1246,1691,12222,10531,-381,62,-443,198,95,1659,1564,109,8,101
310M300US31060,31060,"Los Alamos, NM Micro Area",788,368,1247,879,398,512,-114,586,72,185,113,512,83,429
310M300US31220,31220,"Ludington, MI Micro Area",386,-233,2133,2366,641,71,570,227,2,293,291,227,11,216
310M300US31260,31260,"Lufkin, TX Micro Area",1034,2449,8759,6310,-1353,243,-1596,-25,254,1189,935,-276,61,-337
310M300US31300,31300,"Lumberton, NC Micro Area",-1627,3965,13377,9412,-5547,507,-6054,-908,311,1708,1397,-1221,87,-1308
310M300US31380,31380,"Macomb, IL Micro Area",-1789,-107,2056,2163,-1699,469,-2168,-564,-24,250,274,-545,84,-629
310M300US31500,31500,"Madison, IN Micro Area",-315,-54,2618,2672,-243,83,-326,-160,20,361,341,-180,14,-194
310M300US31580,31580,"Madisonville, KY Micro Area",-1373,-223,4000,4223,-1126,163,-1289,-161,3,537,534,-161,29,-190
310M300US31620,31620,"Magnolia, AR Micro Area",-925,-106,2124,2230,-846,259,-1105,-356,-7,282,289,-351,41,-392
310M300US31660,31660,"Malone, NY Micro Area",-490,324,3610,3286,-831,290,-1121,-23,-16,476,492,-6,36,-42
310M300US31680,31680,"Malvern, AR Micro Area",565,-230,2505,2735,775,35,740,128,-34,325,359,164,8,156
310M300US31820,31820,"Manitowoc, WI Micro Area",-2267,-217,5894,6111,-2046,368,-2414,-156,-40,780,820,-113,53,-166
310M300US31930,31930,"Marietta, OH Micro Area",-1360,-829,4415,5244,-481,49,-530,-117,-134,594,728,21,13,8
310M300US31940,31940,"Marinette, WI-MI Micro Area",-2422,-1309,4191,5500,-1072,17,-1089,-154,-142,560,702,-8,1,-9
310M300US31980,31980,"Marion, IN Micro Area",-3572,-368,5525,5893,-3203,116,-3319,-311,-60,735,795,-249,16,-265
310M300US32000,32000,"Marion, NC Micro Area",163,-254,3349,3603,462,305,157,170,-32,469,501,206,60,146
310M300US32020,32020,"Marion, OH Micro Area",-1534,356,5496,5140,-1872,45,-1917,-367,13,729,716,-379,10,-389
310M300US32100,32100,"Marquette, MI Micro Area",-575,-83,4642,4725,-460,228,-688,41,-29,630,659,73,41,32
310M300US32140,32140,"Marshall, MN Micro Area",-26,1052,2655,1603,-1104,570,-1674,-30,146,374,228,-176,99,-275
310M300US32180,32180,"Marshall, MO Micro Area",-710,277,2080,1803,-989,208,-1197,-192,7,244,237,-199,23,-222
310M300US32220,32220,"Marshall, TX Micro Area",1032,1569,6152,4583,-511,617,-1128,-69,155,837,682,-226,122,-348
310M300US32260,32260,"Marshalltown, IA Micro Area",-360,474,3909,3435,-835,1086,-1921,128,54,506,452,76,167,-91
310M300US32280,32280,"Martin, TN Micro Area",-1678,-124,2557,2681,-1561,140,-1701,-231,-14,343,357,-219,28,-247
310M300US32300,32300,"Martinsville, VA Micro Area",-3627,-1726,4956,6682,-1885,156,-2041,-354,-236,672,908,-116,15,-131
310M300US32340,32340,"Maryville, MO Micro Area",-898,302,1674,1372,-1212,139,-1351,-20,65,236,171,-87,19,-106
310M300US32380,32380,"Mason City, IA Micro Area",-1274,-262,3978,4240,-1000,257,-1257,-64,-37,543,580,-23,44,-67
310M300US32460,32460,"Mayfield, KY Micro Area",0,455,3620,3165,-441,251,-692,-27,76,489,413,-102,32,-134
310M300US32500,32500,"Maysville, KY Micro Area",-316,39,1519,1480,-350,-15,-335,16,12,201,189,5,-2,7
310M300US32540,32540,"McAlester, OK Micro Area",-1653,-577,3797,4374,-1045,21,-1066,-211,-72,488,560,-138,2,-140
310M300US32620,32620,"McComb, MS Micro Area",-1620,288,4939,4651,-1897,28,-1925,-123,-22,633,655,-98,9,-107
310M300US32660,32660,"McMinnville, TN Micro Area",827,-19,3435,3454,879,225,654,251,-19,454,473,274,48,226
310M300US32700,32700,"McPherson, KS Micro Area",-444,-283,2423,2706,-158,92,-250,306,-20,331,351,327,14,313
310M300US32740,32740,"Meadville, PA Micro Area",-2602,-274,6845,7119,-2298,153,-2451,-346,-26,916,942,-318,32,-350
310M300US32860,32860,"Menomonie, WI Micro Area",836,1002,3292,2290,-156,268,-424,366,125,446,321,240,47,193
310M300US32940,32940,"Meridian, MS Micro Area",-5588,952,9403,8451,-6567,298,-6865,-1212,97,1237,1140,-1310,-1,-1309
310M300US32980,32980,"Merrill, WI Micro Area",-905,-419,1951,2370,-477,10,-487,-16,-35,272,307,21,2,19
310M300US33020,33020,"Mexico, MO Micro Area",112,378,2495,2117,-253,4,-257,-234,72,342,270,-306,3,-309
310M300US33060,33060,"Miami, OK Micro Area",-536,-18,3184,3202,-511,69,-580,-211,-71,430,501,-138,14,-152
310M300US33180,33180,"Middlesborough, KY Micro Area",-1797,-233,2507,2740,-1571,2,-1573,-298,-34,321,355,-264,4,-268
310M300US33300,33300,"Milledgeville, GA Micro Area",-1775,198,3885,3687,-2071,235,-2306,-380,-107,478,585,-272,36,-308
310M300US33420,33420,"Mineral Wells, TX Micro Area",448,261,2599,2338,200,104,96,438,-2,347,349,440,22,418
310M300US33500,33500,"Minot, ND Micro Area",7770,5098,9203,4105,2470,1889,581,-1355,700,1260,560,-2062,180,-2242
310M300US33580,33580,"Mitchell, SD Micro Area",292,540,2195,1655,-238,10,-248,-94,87,286,199,-182,-3,-179
310M300US33620,33620,"Moberly, MO Micro Area",-469,78,2039,1961,-546,20,-566,-25,28,277,249,-51,3,-54
310M300US33940,33940,"Montrose, CO Micro Area",506,285,3295,3010,226,-21,247,624,13,447,434,610,-4,614
310M300US33980,33980,"Morehead City, NC Micro Area",2418,-1185,4369,5554,3604,567,3037,26,-261,563,824,293,40,253
310M300US34020,34020,"Morgan City, LA Micro Area",-3677,1533,5531,3998,-5267,650,-5917,-1201,208,754,546,-1415,119,-1534
310M300US34140,34140,"Moscow, ID Micro Area",2094,1623,3264,1641,480,841,-361,541,228,453,225,312,144,168
310M300US34180,34180,"Moses Lake, WA Micro Area",6038,6211,11096,4885,-127,834,-961,1254,801,1486,685,459,192,267
310M300US34220,34220,"Moultrie, GA Micro Area",338,1583,4917,3334,-1239,488,-1727,164,178,622,444,-13,82,-95
310M300US34260,34260,"Mountain Home, AR Micro Area",-158,-2279,2576,4855,2135,28,2107,210,-306,372,678,516,17,499
310M300US34300,34300,"Mountain Home, ID Micro Area",-215,2105,3387,1282,-2391,1060,-3451,733,263,448,185,468,96,372
310M300US34340,34340,"Mount Airy, NC Micro Area",-1524,-743,5491,6234,-739,228,-967,175,-144,731,875,326,37,289
310M300US34380,34380,"Mount Pleasant, MI Micro Area",752,1421,4785,3364,-693,1514,-2207,-70,197,650,453,-270,239,-509
310M300US34420,34420,"Mount Pleasant, TX Micro Area",570,1712,3659,1947,-1145,425,-1570,289,248,502,254,42,95,-53
310M300US34460,34460,"Mount Sterling, KY Micro Area",2363,945,4441,3496,1430,-56,1486,383,56,586,530,331,-8,339
310M300US34500,34500,"Mount Vernon, IL Micro Area",-646,237,3481,3244,-864,301,-1165,-129,53,485,432,-181,49,-230
310M300US34540,34540,"Mount Vernon, OH Micro Area",331,866,5280,4414,-509,31,-540,429,116,741,625,318,9,309
310M300US34660,34660,"Murray, KY Micro Area",1728,-29,2835,2864,1752,1215,537,147,-23,381,404,171,218,-47
310M300US34700,34700,"Muscatine, IA Micro Area",131,1129,3947,2818,-996,550,-1546,-24,164,530,366,-189,99,-288
310M300US34780,34780,"Muskogee, OK Micro Area",-1902,119,6790,6671,-2008,139,-2147,40,-10,887,897,53,23,30
310M300US34860,34860,"Nacogdoches, TX Micro Area",1056,2333,6403,4070,-1299,719,-2018,-82,269,833,564,-353,123,-476
310M300US35020,35020,"Natchez, MS-LA Micro Area",-2250,-58,4666,4724,-2237,659,-2896,-565,-36,629,665,-529,128,-657
310M300US35060,35060,"Natchitoches, LA Micro Area",-545,934,3780,2846,-1469,118,-1587,26,87,493,406,-59,21,-80
310M300US35140,35140,"Newberry, SC Micro Area",980,142,3251,3109,863,268,595,444,16,455,439,428,46,382
310M300US35220,35220,"New Castle, IN Micro Area",-990,-671,3440,4111,-296,34,-330,112,-82,466,548,197,7,190
310M300US35260,35260,"New Castle, PA Micro Area",-4071,-1389,6660,8049,-2647,155,-2802,-562,-157,929,1086,-402,25,-427
310M300US35420,35420,"New Philadelphia-Dover, OH Micro Area",-285,939,8215,7276,-1171,400,-1571,-188,139,1141,1002,-326,56,-382
310M300US35440,35440,"Newport, OR Micro Area",2888,-1019,3146,4165,3888,276,3612,1023,-147,435,582,1165,51,1114
310M300US35460,35460,"Newport, TN Micro Area",-86,-733,2796,3529,677,-7,684,396,-102,380,482,497,-2,499
310M300US35500,35500,"Newton, IA Micro Area",124,332,3013,2681,-195,11,-206,305,46,407,361,261,-1,262
310M300US35580,35580,"New Ulm, MN Micro Area",-699,-127,1991,2118,-569,68,-637,-68,20,290,270,-86,13,-99
310M300US35700,35700,"Nogales, AZ Micro Area",-1211,2640,4731,2091,-3918,369,-4287,137,304,628,324,-166,106,-272
310M300US35740,35740,"Norfolk, NE Micro Area",0,1592,4945,3353,-1597,545,-2142,192,231,689,458,-39,92,-131
310M300US35820,35820,"North Platte, NE Micro Area",-1043,526,3197,2671,-1577,120,-1697,-229,69,436,367,-300,16,-316
310M300US35860,35860,"North Vernon, IN Micro Area",-903,339,2416,2077,-1247,-30,-1217,4,1,300,299,4,-6,10
310M300US35900,35900,"North Wilkesboro, NC Micro Area",-727,-672,4981,5653,-1,223,-224,-58,-120,709,829,65,51,14
310M300US35940,35940,"Norwalk, OH Micro Area",-1131,1211,5369,4158,-2359,189,-2548,103,201,760,559,-95,37,-132
310M300US36020,36020,"Oak Harbor, WA Micro Area",4653,1745,6644,4899,2902,1500,1402,1521,232,970,738,1281,60,1221
310M300US36300,36300,"Ogdensburg-Massena, NY Micro Area",-2318,1423,8689,7266,-3750,1336,-5086,-366,61,1127,1066,-429,186,-615
310M300US36340,36340,"Oil City, PA Micro Area",-3221,-785,3985,4770,-2425,2,-2427,-707,-162,510,672,-545,0,-545
310M300US36380,36380,"Okeechobee, FL Micro Area",1609,817,3810,2993,797,402,395,908,85,503,418,818,64,754
310M300US36460,36460,"Olean, NY Micro Area",-2995,562,6570,6008,-3578,388,-3966,-413,22,846,824,-435,59,-494
310M300US36580,36580,"Oneonta, NY Micro Area",-2178,-549,3801,4350,-1616,384,-2000,-249,-116,507,623,-133,65,-198
310M300US36620,36620,"Ontario, OR-ID Micro Area",-239,1790,5360,3570,-2044,-200,-1844,382,279,729,450,104,-23,127
310M300US36660,36660,"Opelousas, LA Micro Area",110,2569,9496,6927,-2424,-53,-2371,-206,314,1328,1014,-520,-9,-511
310M300US36700,36700,"Orangeburg, SC Micro Area",-5019,41,7697,7656,-5087,229,-5316,-858,-149,955,1104,-708,47,-755
310M300US36820,36820,"Oskaloosa, IA Micro Area",-146,412,2047,1635,-551,174,-725,29,41,272,231,-12,34,-46
310M300US36830,36830,"Othello, WA Micro Area",778,1951,2849,898,-1190,74,-1264,244,234,357,123,10,20,-10
310M300US36840,36840,"Ottawa, KS Micro Area",-263,485,2320,1835,-745,76,-821,186,68,314,246,120,15,105
310M300US36860,36860,"Ottawa-Peru, IL Micro Area",-5862,-734,11698,12432,-5107,540,-5647,-620,22,1672,1650,-642,83,-725
310M300US36900,36900,"Ottumwa, IA Micro Area",-368,650,4177,3527,-998,751,-1749,-161,146,591,445,-307,135,-442
310M300US36940,36940,"Owatonna, MN Micro Area",311,1233,3387,2154,-930,118,-1048,184,138,442,304,49,14,35
310M300US37020,37020,"Owosso, MI Micro Area",-2202,45,5144,5099,-2265,49,-2314,-95,2,712,710,-94,11,-105
310M300US37060,37060,"Oxford, MS Micro Area",7015,1336,4031,2695,5560,322,5238,895,192,577,385,697,54,643
310M300US37080,37080,"Oxford, NC Micro Area",2035,494,4097,3603,1563,23,1540,733,31,573,542,700,-7,707
310M300US37120,37120,"Ozark, AL Micro Area",-1021,1267,4813,3546,-2296,575,-2871,-2,95,638,543,-94,7,-101
310M300US37140,37140,"Paducah, KY-IL Micro Area",-1723,-826,8211,9037,-835,80,-915,-46,-105,1137,1242,65,19,46
310M300US37220,37220,"Pahrump, NV Micro Area",257,-2135,2679,4814,2370,-38,2408,803,-319,358,677,1118,-7,1125
310M300US37260,37260,"Palatka, FL Micro Area",-902,-826,6076,6902,-40,141,-181,1060,-116,825,941,1176,28,1148
310M300US37300,37300,"Palestine, TX Micro Area",-717,-312,4316,4628,-369,259,-628,183,-43,620,663,227,62,165
310M300US37420,37420,"Pampa, TX Micro Area",-131,525,2381,1856,-680,86,-766,-334,65,305,240,-401,18,-419
310M300US37500,37500,"Paragould, AR Micro Area",2963,723,4129,3406,2235,93,2142,338,115,594,479,223,12,211
310M300US37540,37540,"Paris, TN Micro Area",96,-878,2466,3344,999,75,924,205,-127,364,491,333,13,320
310M300US37580,37580,"Paris, TX Micro Area",-202,470,4863,4393,-656,21,-677,22,55,680,625,-32,8,-40
310M300US37660,37660,"Parsons, KS Micro Area",-1465,15,1905,1890,-1492,12,-1504,-185,18,243,225,-204,-1,-203
310M300US37740,37740,"Payson, AZ Micro Area",-96,-1014,4450,5464,959,134,825,204,-242,589,831,448,24,424
310M300US37780,37780,"Pecos, TX Micro Area",1498,606,1356,750,883,596,287,212,103,207,104,109,119,-10
310M300US37800,37800,"Pella, IA Micro Area",-204,259,2677,2418,-463,97,-560,-44,53,371,318,-96,15,-111
310M300US37940,37940,"Peru, IN Micro Area",-1063,105,2698,2593,-1179,78,-1257,-222,17,370,353,-242,20,-262
310M300US38100,38100,"Picayune, MS Micro Area",-477,162,4626,4464,-625,-115,-510,198,-23,613,636,224,-22,246
310M300US38180,38180,"Pierre, SD Micro Area",728,905,2125,1220,-182,-32,-150,64,115,294,179,-51,-6,-45
310M300US38240,38240,"Pinehurst-Southern Pines, NC Micro Area",9018,-384,7391,7775,9322,675,8647,1872,-48,1104,1152,1918,76,1842
310M300US38260,38260,"Pittsburg, KS Micro Area",-101,655,3580,2925,-743,752,-1495,42,123,475,352,-80,123,-203
310M300US38380,38380,"Plainview, TX Micro Area",-2093,1463,3683,2220,-3615,256,-3871,-75,162,456,294,-236,49,-285
310M300US38420,38420,"Platteville, WI Micro Area",791,469,3994,3525,317,189,128,6,99,571,472,-92,34,-126
310M300US38460,38460,"Plattsburgh, NY Micro Area",-1151,529,5608,5079,-1683,939,-2622,7,49,767,718,-40,138,-178
310M300US38500,38500,"Plymouth, IN Micro Area",-549,943,4242,3299,-1492,262,-1754,-154,115,591,476,-271,45,-316
310M300US38580,38580,"Point Pleasant, WV-OH Micro Area",-1498,-317,4779,5096,-1173,27,-1200,-131,-63,636,699,-66,0,-66
310M300US38620,38620,"Ponca City, OK Micro Area",-2018,414,4555,4141,-2441,60,-2501,-439,63,614,551,-503,16,-519
310M300US38700,38700,"Pontiac, IL Micro Area",-2432,-15,2990,3005,-2461,118,-2579,43,39,400,361,6,15,-9
310M300US38740,38740,"Poplar Bluff, MO Micro Area",-128,-22,4022,4044,-70,4,-74,-123,24,539,515,-145,3,-148
310M300US38780,38780,"Portales, NM Micro Area",-993,1014,2101,1087,-2060,182,-2242,-235,131,275,144,-369,34,-403
310M300US38820,38820,"Port Angeles, WA Micro Area",4070,-2043,4849,6892,6105,329,5776,1376,-328,661,989,1699,45,1654
310M300US38840,38840,"Port Clinton, OH Micro Area",-777,-977,2489,3466,235,11,224,162,-171,334,505,337,0,337
310M300US38920,38920,"Port Lavaca, TX Micro Area",363,662,2137,1475,-294,247,-541,-198,89,302,213,-287,41,-328
310M300US39020,39020,"Portsmouth, OH Micro Area",-3568,-493,6416,6909,-3064,203,-3267,-311,-68,858,926,-239,37,-276
310M300US39060,39060,"Pottsville, PA Micro Area",-5720,-4042,9823,13865,-1594,535,-2129,-766,-517,1288,1805,-244,90,-334
310M300US39220,39220,"Price, UT Micro Area",-1108,621,2178,1557,-1750,41,-1791,-76,113,279,166,-190,5,-195
310M300US39260,39260,"Prineville, OR Micro Area",2145,-270,1459,1729,2394,10,2384,779,-8,240,248,785,3,782
310M300US39420,39420,"Pullman, WA Micro Area",4268,1311,3222,1911,2878,2608,270,518,187,443,256,332,395,-63
310M300US39500,39500,"Quincy, IL-MO Micro Area",-1111,276,6779,6503,-1343,191,-1534,-555,18,929,911,-570,36,-606
310M300US39700,39700,"Raymondville, TX Micro Area",-553,1029,2224,1195,-1592,151,-1743,-176,103,289,186,-281,32,-313
310M300US39780,39780,"Red Bluff, CA Micro Area",486,950,5620,4670,-432,44,-476,482,200,813,613,285,0,285
310M300US39860,39860,"Red Wing, MN Micro Area",122,309,3742,3433,-164,98,-262,64,46,500,454,20,18,2
310M300US39940,39940,"Rexburg, ID Micro Area",1448,7591,9264,1673,-6220,15,-6235,566,1060,1269,209,-490,11,-501
310M300US39980,39980,"Richmond, IN Micro Area",-2818,-344,5722,6066,-2462,75,-2537,-406,-89,772,861,-316,27,-343
310M300US40080,40080,"Richmond-Berea, KY Micro Area",7952,2031,8657,6626,5840,561,5279,1516,269,1239,970,1235,106,1129
310M300US40100,40100,"Rio Grande City, TX Micro Area",3486,6869,9707,2838,-3417,1068,-4485,523,866,1266,400,-344,223,-567
310M300US40180,40180,"Riverton, WY Micro Area",-320,1113,4262,3149,-1446,14,-1460,-442,70,545,475,-513,2,-515
310M300US40260,40260,"Roanoke Rapids, NC Micro Area",-5563,-1266,5529,6795,-4312,278,-4590,-865,-243,731,974,-620,54,-674
310M300US40300,40300,"Rochelle, IL Micro Area",-2434,260,3830,3570,-2728,192,-2920,-105,40,520,480,-145,38,-183
310M300US40460,40460,"Rockingham, NC Micro Area",-1844,-14,3945,3959,-1822,57,-1879,-256,-37,524,561,-217,7,-224
310M300US40540,40540,"Rock Springs, WY Micro Area",-272,2541,4560,2019,-2880,26,-2906,-711,308,607,299,-1024,14,-1038
310M300US40620,40620,"Rolla, MO Micro Area",-410,648,3820,3172,-1084,1468,-2552,-84,54,496,442,-138,231,-369
310M300US40700,40700,"Roseburg, OR Micro Area",1738,-2258,7916,10174,4086,32,4054,1305,-294,1108,1402,1598,16,1582
310M300US40740,40740,"Roswell, NM Micro Area",-782,2054,6761,4707,-2815,83,-2898,-505,282,915,633,-790,31,-821
310M300US40760,40760,"Ruidoso, NM Micro Area",-1098,-70,1358,1428,-1032,-56,-976,101,-5,184,189,105,-5,110
310M300US40780,40780,"Russellville, AR Micro Area",1419,1782,7772,5990,-358,665,-1023,20,278,1076,798,-255,126,-381
310M300US40820,40820,"Ruston, LA Micro Area",1009,1426,4141,2715,-421,1398,-1819,97,158,564,406,-63,208,-271
310M300US40860,40860,"Rutland, VT Micro Area",-2562,-893,3904,4797,-1658,116,-1774,-85,-130,499,629,49,21,28
310M300US40940,40940,"Safford, AZ Micro Area",246,2165,4150,1985,-1944,190,-2134,-301,289,565,276,-593,47,-640
310M300US41220,41220,"St. Marys, GA Micro Area",2531,3457,5778,2321,-953,660,-1613,628,435,777,342,193,1,192
310M300US41260,41260,"St. Marys, PA Micro Area",-1749,-694,2136,2830,-1049,11,-1060,-226,-80,286,366,-145,2,-147
310M300US41400,41400,"Salem, OH Micro Area",-4764,-891,7904,8795,-3846,-44,-3802,-667,-130,1057,1187,-535,-7,-528
310M300US41460,41460,"Salina, KS Micro Area",-1132,1613,5878,4265,-2729,260,-2989,-392,218,760,542,-609,32,-641
310M300US41760,41760,"Sandpoint, ID Micro Area",2683,-64,2909,2973,2734,-25,2759,1217,-7,415,422,1222,-4,1226
310M300US41780,41780,"Sandusky, OH Micro Area",-2249,-990,5692,6682,-1224,158,-1382,-127,-132,782,914,10,26,-16
310M300US41820,41820,"Sanford, NC Micro Area",2572,1810,5737,3927,779,546,233,684,226,758,532,456,83,373
310M300US42300,42300,"Sault Ste. Marie, MI Micro Area",-962,-56,2559,2615,-924,334,-1258,15,-20,333,353,36,46,-10
310M300US42380,42380,"Sayre, PA Micro Area",-1856,212,5157,4945,-2064,150,-2214,-133,-12,694,706,-118,24,-142
310M300US42420,42420,"Scottsbluff, NE Micro Area",-663,660,3717,3057,-1330,285,-1615,-231,128,516,388,-360,66,-426
310M300US42460,42460,"Scottsboro, AL Micro Area",-1317,-873,4069,4942,-402,232,-634,-140,-132,554,686,-4,25,-29
310M300US42620,42620,"Searcy, AR Micro Area",1940,1150,7044,5894,801,376,425,178,93,906,813,86,58,28
310M300US42740,42740,"Sedalia, MO Micro Area",357,1141,4208,3067,-764,330,-1094,278,156,556,400,125,55,70
310M300US42780,42780,"Selinsgrove, PA Micro Area",1092,716,3252,2536,409,222,187,134,92,445,353,43,36,7
310M300US42820,42820,"Selma, AL Micro Area",-4605,1,3851,3850,-4648,-24,-4624,-866,-60,492,552,-808,-1,-807
310M300US42860,42860,"Seneca, SC Micro Area",2995,-544,5699,6243,3558,495,3063,863,-120,780,900,982,97,885
310M300US42900,42900,"Seneca Falls, NY Micro Area",-746,311,2721,2410,-1046,116,-1162,-283,37,356,319,-322,20,-342
310M300US42940,42940,"Sevierville, TN Micro Area",7913,590,7596,7006,7284,1420,5864,1029,58,1066,1008,970,240,730
310M300US42980,42980,"Seymour, IN Micro Area",1508,884,4180,3296,643,607,36,-49,127,574,447,-174,89,-263
310M300US43020,43020,"Shawano, WI Micro Area",-637,177,3785,3608,-797,199,-996,72,19,504,485,55,27,28
310M300US43060,43060,"Shawnee, OK Micro Area",2784,857,6616,5759,1958,176,1782,244,38,847,809,209,28,181
310M300US43140,43140,"Shelby, NC Micro Area",-696,-682,7770,8452,45,402,-357,232,-154,1057,1211,393,73,320
310M300US43180,43180,"Shelbyville, TN Micro Area",3061,1115,4464,3349,1952,358,1594,697,129,617,488,568,46,522
310M300US43220,43220,"Shelton, WA Micro Area",3014,-44,4603,4647,3092,673,2419,1587,-12,649,661,1594,115,1479
310M300US43260,43260,"Sheridan, WY Micro Area",1094,155,2419,2264,952,226,726,161,-12,331,343,175,33,142
310M300US43320,43320,"Show Low, AZ Micro Area",1467,4726,11615,6889,-3243,291,-3534,634,494,1523,1029,144,59,85
310M300US43380,43380,"Sidney, OH Micro Area",-659,1294,4428,3134,-1974,510,-2484,33,151,591,440,-117,87,-204
310M300US43460,43460,"Sikeston, MO Micro Area",-646,535,3641,3106,-1160,13,-1173,-182,18,466,448,-199,0,-199
310M300US43500,43500,"Silver City, NM Micro Area",-1823,-213,2250,2463,-1600,75,-1675,-346,-40,291,331,-304,4,-308
310M300US43660,43660,"Snyder, TX Micro Area",129,591,1839,1248,-465,69,-534,-380,80,246,166,-461,13,-474
310M300US43700,43700,"Somerset, KY Micro Area",1386,-274,5395,5669,1706,243,1463,435,-50,737,787,486,46,440
310M300US43740,43740,"Somerset, PA Micro Area",-3245,-1864,4988,6852,-1327,254,-1581,-569,-266,671,937,-301,48,-349
310M300US43760,43760,"Sonora, CA Micro Area",-1117,-1219,3354,4573,121,446,-325,461,-66,466,532,530,75,455
310M300US43940,43940,"Spearfish, SD Micro Area",1339,93,1702,1609,1228,-13,1241,246,17,231,214,230,-4,234
310M300US43980,43980,"Spencer, IA Micro Area",-497,33,1411,1378,-520,49,-569,-155,17,176,159,-172,12,-184
310M300US44020,44020,"Spirit Lake, IA Micro Area",532,-217,1199,1416,754,24,730,95,-4,168,172,101,3,98
310M300US44260,44260,"Starkville, MS Micro Area",2128,1889,4051,2162,214,671,-457,220,201,557,356,20,108,-88
310M300US44340,44340,"Statesboro, GA Micro Area",5898,2578,6246,3668,3197,973,2224,1428,348,894,546,1076,146,930
310M300US44460,44460,"Steamboat Springs, CO Micro Area",1714,874,1603,729,811,388,423,541,114,231,117,424,68,356
310M300US44500,44500,"Stephenville, TX Micro Area",4069,1203,3504,2301,2806,152,2654,526,127,468,341,397,32,365
310M300US44540,44540,"Sterling, CO Micro Area",-813,201,1669,1468,-1098,72,-1170,-29,19,232,213,-48,24,-72
310M300US44580,44580,"Sterling, IL Micro Area",-2380,65,4671,4606,-2445,77,-2522,-423,25,641,616,-449,13,-462
310M300US44620,44620,"Stevens Point, WI Micro Area",455,1256,5033,3777,-767,420,-1187,286,176,673,497,114,65,49
310M300US44660,44660,"Stillwater, OK Micro Area",4225,2703,6723,4020,1549,2835,-1286,326,382,958,576,-61,441,-502
310M300US44740,44740,"Storm Lake, IA Micro Area",-150,939,2294,1355,-1101,545,-1646,-158,130,295,165,-290,83,-373
310M300US44780,44780,"Sturgis, MI Micro Area",-348,1405,5877,4472,-1746,321,-2067,115,203,772,569,-84,53,-137
310M300US44860,44860,"Sulphur Springs, TX Micro Area",1335,628,3363,2735,719,-69,788,293,102,464,362,194,-9,203
310M300US44900,44900,"Summerville, GA Micro Area",-1245,-167,2082,2249,-1091,42,-1133,-63,9,299,290,-71,7,-78
310M300US44920,44920,"Summit Park, UT Micro Area",4782,2101,3155,1054,2683,477,2206,716,275,439,164,439,81,358
310M300US44980,44980,"Sunbury, PA Micro Area",-2485,-1439,6909,8348,-984,256,-1240,-450,-168,911,1079,-278,29,-307
310M300US45000,45000,"Susanville, CA Micro Area",-3732,661,2196,1535,-4499,162,-4661,219,86,312,226,133,27,106
310M300US45020,45020,"Sweetwater, TX Micro Area",-447,189,1481,1292,-639,42,-681,-198,18,199,181,-216,8,-224
310M300US45140,45140,"Tahlequah, OK Micro Area",1903,870,4452,3582,1047,157,890,137,128,624,496,12,31,-19
310M300US45180,45180,"Talladega-Sylacauga, AL Micro Area",-3230,-1135,6916,8051,-2063,212,-2275,-376,-234,924,1158,-137,39,-176
310M300US45340,45340,"Taos, NM Micro Area",-143,150,2209,2059,-273,177,-450,-62,-20,280,300,-38,34,-72
310M300US45380,45380,"Taylorville, IL Micro Area",-1698,-402,2554,2956,-1292,30,-1322,-169,-26,350,376,-141,0,-141
310M300US45520,45520,"The Dalles, OR Micro Area",1226,22,2249,2227,1210,126,1084,566,36,333,297,525,27,498
310M300US45580,45580,"Thomaston, GA Micro Area",-1018,-266,2354,2620,-753,-19,-734,-78,-60,315,375,-16,-4,-12
310M300US45620,45620,"Thomasville, GA Micro Area",60,585,4208,3623,-504,155,-659,-311,55,567,512,-367,28,-395
310M300US45660,45660,"Tiffin, OH Micro Area",-1499,20,4235,4215,-1516,274,-1790,-114,26,582,556,-139,41,-180
310M300US45700,45700,"Tifton, GA Micro Area",467,1307,4134,2827,-903,154,-1057,-52,170,580,410,-221,23,-244
310M300US45740,45740,"Toccoa, GA Micro Area",-282,-156,2278,2434,-118,24,-142,166,4,333,329,162,4,158
310M300US45860,45860,"Torrington, CT Micro Area",-7749,-2180,10589,12769,-5572,2005,-7577,-920,-349,1423,1772,-569,337,-906
310M300US45900,45900,"Traverse City, MI Micro Area",5305,-142,10284,10426,5450,233,5217,440,-19,1422,1441,458,45,413
310M300US45980,45980,"Troy, AL Micro Area",368,480,2787,2307,-137,735,-872,52,48,378,330,5,109,-104
310M300US46020,46020,"Truckee-Grass Valley, CA Micro Area",1066,-957,5960,6917,2108,160,1948,761,-64,858,922,830,26,804
310M300US46100,46100,"Tullahoma-Manchester, TN Micro Area",2861,-669,8037,8706,3579,192,3387,782,-24,1130,1154,809,39,770
310M300US46180,46180,"Tupelo, MS Micro Area",3813,2876,13507,10631,976,69,907,425,336,1857,1521,96,15,81
310M300US46300,46300,"Twin Falls, ID Micro Area",9147,5332,11741,6409,3844,1744,2100,1958,721,1637,916,1238,301,937
310M300US46380,46380,"Ukiah, CA Micro Area",178,1535,7663,6128,-1319,391,-1710,409,174,1035,861,239,81,158
310M300US46460,46460,"Union City, TN-KY Micro Area",-2043,-386,3128,3514,-1662,-34,-1628,-129,-27,449,476,-100,-3,-97
310M300US46500,46500,"Urbana, OH Micro Area",-1253,83,2903,2820,-1339,66,-1405,103,0,396,396,106,5,101
310M300US46620,46620,"Uvalde, TX Micro Area",727,1172,2950,1778,-429,172,-601,26,164,408,244,-136,20,-156
310M300US46740,46740,"Valley, AL Micro Area",-457,-362,2900,3262,-78,139,-217,-4,-84,384,468,82,17,65
310M300US46780,46780,"Van Wert, OH Micro Area",-526,98,2373,2275,-619,10,-629,51,22,328,306,30,-1,31
310M300US46820,46820,"Vermillion, SD Micro Area",122,366,1077,711,-254,148,-402,52,55,144,89,-3,21,-24
310M300US46860,46860,"Vernal, UT Micro Area",2562,3234,4822,1588,-741,87,-828,-1044,336,565,229,-1384,18,-1402
310M300US46900,46900,"Vernon, TX Micro Area",-771,105,1212,1107,-885,94,-979,-130,24,161,137,-154,17,-171
310M300US46980,46980,"Vicksburg, MS Micro Area",-2653,869,5363,4494,-3558,251,-3809,-452,73,722,649,-527,39,-566
310M300US47080,47080,"Vidalia, GA Micro Area",-320,816,3616,2800,-1136,117,-1253,-148,81,477,396,-227,21,-248
310M300US47180,47180,"Vincennes, IN Micro Area",-932,104,3316,3212,-1023,67,-1090,-34,24,417,393,-56,9,-65
310M300US47240,47240,"Vineyard Haven, MA Micro Area",790,145,1161,1016,643,7,636,13,24,162,138,-9,2,-11
310M300US47340,47340,"Wabash, IN Micro Area",-1442,-524,2476,3000,-915,61,-976,-108,-84,326,410,-23,8,-31
310M300US47420,47420,"Wahpeton, ND-MN Micro Area",-222,283,1815,1532,-499,7,-506,-8,68,280,212,-76,5,-81
310M300US47540,47540,"Wapakoneta, OH Micro Area",-171,472,3961,3489,-639,254,-893,-19,72,565,493,-89,45,-134
310M300US47620,47620,"Warren, PA Micro Area",-2156,-798,2849,3647,-1345,65,-1410,-339,-139,377,516,-199,9,-208
310M300US47660,47660,"Warrensburg, MO Micro Area",1302,2306,5202,2896,-1025,940,-1965,246,289,692,403,-41,34,-75
310M300US47700,47700,"Warsaw, IN Micro Area",1850,2406,7435,5029,-502,327,-829,279,325,1019,694,-41,59,-100
310M300US47780,47780,"Washington, IN Micro Area",1459,1438,3837,2399,41,83,-42,116,205,523,318,-87,8,-95
310M300US47820,47820,"Washington, NC Micro Area",-675,-650,3508,4158,11,57,-46,-273,-140,457,597,-130,7,-137
310M300US47920,47920,"Washington Court House, OH Micro Area",-273,15,2549,2534,-276,84,-360,90,28,346,318,62,17,45
310M300US47980,47980,"Watertown, SD Micro Area",874,996,2739,1743,-108,87,-195,66,139,367,228,-71,11,-82
310M300US48020,48020,"Watertown-Fort Atkinson, WI Micro Area",1151,1721,6365,4644,-522,361,-883,287,156,828,672,137,53,84
310M300US48100,48100,"Wauchula, FL Micro Area",-320,1364,2850,1486,-1709,528,-2237,40,188,379,191,-151,75,-226
310M300US48180,48180,"Waycross, GA Micro Area",110,675,5306,4631,-560,237,-797,184,123,750,627,65,36,29
310M300US48220,48220,"Weatherford, OK Micro Area",1331,1147,3287,2140,165,345,-180,-245,139,418,279,-386,70,-456
310M300US48460,48460,"West Plains, MO Micro Area",-297,78,3703,3625,-349,82,-431,-37,0,491,491,-34,11,-45
310M300US48500,48500,"West Point, MS Micro Area",-994,-35,1652,1687,-959,4,-963,-200,-5,227,232,-197,0,-197
310M300US48580,48580,"Whitewater-Elkhorn, WI Micro Area",854,1007,7495,6488,-100,287,-387,307,108,996,888,204,52,152
310M300US48780,48780,"Williston, ND Micro Area",10950,2437,4085,1648,8151,-17,8168,-846,438,651,213,-1293,6,-1299
310M300US48820,48820,"Willmar, MN Micro Area",504,1450,4213,2763,-944,1223,-2167,121,241,589,348,-118,225,-343
310M300US48940,48940,"Wilmington, OH Micro Area",-28,543,3664,3121,-566,95,-661,128,67,492,425,63,17,46
310M300US48980,48980,"Wilson, NC Micro Area",441,966,6957,5991,-474,689,-1163,238,77,942,865,166,107,59
310M300US49080,49080,"Winnemucca, NV Micro Area",301,984,1847,863,-708,85,-793,-47,128,232,104,-176,19,-195
310M300US49100,49100,"Winona, MN Micro Area",-588,486,3440,2954,-1081,526,-1607,1,46,479,433,-44,78,-122
310M300US49220,49220,"Wisconsin Rapids-Marshfield, WI Micro Area",-1623,469,6010,5541,-2086,128,-2214,-70,65,825,760,-132,18,-150
310M300US49260,49260,"Woodward, OK Micro Area",378,824,2233,1409,-469,180,-649,-465,26,281,255,-492,41,-533
310M300US49300,49300,"Wooster, OH Micro Area",1522,3313,11123,7810,-1738,636,-2374,-384,406,1524,1118,-794,103,-897
310M300US49380,49380,"Worthington, MN Micro Area",566,1367,2642,1275,-828,1455,-2283,-72,212,377,165,-286,226,-512
310M300US49460,49460,"Yankton, SD Micro Area",224,356,1960,1604,-116,3,-119,36,84,291,207,-47,4,-51
310M300US49780,49780,"Zanesville, OH Micro Area",63,552,7483,6931,-434,372,-806,220,54,1009,955,173,63,110
310M300US49820,49820,"Zapata, TX Micro Area",304,1431,2079,648,-1129,90,-1219,-127,155,264,109,-282,26,-308
