GEO.id,GEO.id2,GEO.display-label,popchg4201072016,natinc4201072016,births4201072016,deaths4201072016,netmig4201072016,intlmig4201072016,dommig4201072016,popchg20152016,natinc20152016,births20152016,deaths20152016,netmig20152016,intlmig20152016,dommig20152016
Id,Id2,Geography,"Cumulative Estimates of the Components of Population Change - April 1, 2010 to July 1, 2016 - Total Population Change [1]","Cumulative Estimates of the Components of Population Change - April 1, 2010 to July 1, 2016 - Natural Increase","Cumulative Estimates of the Components of Population Change - April 1, 2010 to July 1, 2016 - Vital Events - Births","Cumulative Estimates of the Components of Population Change - April 1, 2010 to July 1, 2016 - Vital Events - Deaths","Cumulative Estimates of the Components of Population Change - April 1, 2010 to July 1, 2016 - Net Migration - Total","Cumulative Estimates of the Components of Population Change - April 1, 2010 to July 1, 2016 - Net Migration - International [2]","Cumulative Estimates of the Components of Population Change - April 1, 2010 to July 1, 2016 - Net Migration - Domestic","Annual Estimates of the Components of Population Change - July 1, 2015 to July 1, 2016 - Total Population Change [1]","Annual Estimates of the Components of Population Change - July 1, 2015 to July 1, 2016 - Natural Increase","Annual Estimates of the Components of Population Change - July 1, 2015 to July 1, 2016 - Vital Events - Births","Annual Estimates of the Components of Population Change - July 1, 2015 to July 1, 2016 - Vital Events - Deaths","Annual Estimates of the Components of Population Change - July 1, 2015 to July 1, 2016 - Net Migration - Total","Annual Estimates of the Components of Population Change - July 1, 2015 to July 1, 2016 - Net Migration - International [2]","Annual Estimates of the Components of Population Change - July 1, 2015 to July 1, 2016 - Net Migration - Domestic"
310M300US10100,10100,"Aberdeen, SD Micro Area",2478,728,3333,2605,1812,863,949,372,142,532,390,253,152,101
310M300US10140,10140,"Aberdeen, WA Micro Area",-1176,-148,4910,5058,-979,292,-1271,605,-68,757,825,661,50,611
310M300US10220,10220,"Ada, OK Micro Area",838,655,3392,2737,203,228,-25,62,5,515,510,76,44,32
310M300US10300,10300,"Adrian, MI Micro Area",-1388,496,6564,6068,-1802,234,-2036,115,52,1037,985,139,36,103
310M300US10460,10460,"Alamogordo, NM Micro Area",1611,2005,5561,3556,-269,2709,-2978,980,290,892,602,722,458,264
310M300US10620,10620,"Albemarle, NC Micro Area",206,-9,4153,4162,248,176,72,205,-9,695,704,211,30,181
310M300US10660,10660,"Albert Lea, MN Micro Area",-809,-87,2154,2241,-651,96,-747,-124,-30,327,357,-63,16,-79
310M300US10700,10700,"Albertville, AL Micro Area",2138,1212,7999,6787,863,569,294,464,135,1280,1145,328,103,225
310M300US10760,10760,"Alexander City, AL Micro Area",-891,-387,2929,3316,-501,52,-553,-28,-93,450,543,80,8,72
310M300US10820,10820,"Alexandria, MN Micro Area",1447,71,2544,2473,1277,92,1185,399,-4,426,430,423,17,406
310M300US10860,10860,"Alice, TX Micro Area",311,1601,4137,2536,-1264,93,-1357,-307,276,680,404,-573,22,-595
310M300US10940,10940,"Alma, MI Micro Area",-1274,-105,2586,2691,-1249,49,-1298,-311,-36,401,437,-277,7,-284
310M300US10980,10980,"Alpena, MI Micro Area",-894,-554,1672,2226,-285,18,-303,-87,-66,274,340,-14,2,-16
310M300US11060,11060,"Altus, OK Micro Area",-949,1136,2681,1545,-2093,494,-2587,-23,190,396,206,-219,66,-285
310M300US11140,11140,"Americus, GA Micro Area",-2340,459,2785,2326,-2841,74,-2915,-419,18,397,379,-426,13,-439
310M300US11220,11220,"Amsterdam, NY Micro Area",-981,118,3697,3579,-1062,641,-1703,-397,52,608,556,-442,118,-560
310M300US11380,11380,"Andrews, TX Micro Area",2974,1213,1953,740,1740,57,1683,-266,229,348,119,-489,11,-500
310M300US11420,11420,"Angola, IN Micro Area",-67,399,2303,1904,-404,121,-525,-227,44,366,322,-277,28,-305
310M300US11580,11580,"Arcadia, FL Micro Area",938,544,2383,1839,382,856,-474,445,60,372,312,360,169,191
310M300US11620,11620,"Ardmore, OK Micro Area",830,230,4133,3903,575,155,420,-110,18,685,667,-162,30,-192
310M300US11660,11660,"Arkadelphia, AR Micro Area",-336,-65,1521,1586,-283,77,-360,15,-3,244,247,4,14,-10
310M300US11680,11680,"Arkansas City-Winfield, KS Micro Area",-558,214,2866,2652,-778,318,-1096,-24,42,450,408,-45,58,-103
310M300US11740,11740,"Ashland, OH Micro Area",513,395,3844,3449,67,654,-587,272,27,606,579,250,132,118
310M300US11780,11780,"Ashtabula, OH Micro Area",-3257,-359,6812,7171,-2769,473,-3242,-313,-83,1035,1118,-164,90,-254
310M300US11820,11820,"Astoria, OR Micro Area",1603,201,2607,2406,1403,229,1174,837,12,410,398,814,29,785
310M300US11860,11860,"Atchison, KS Micro Area",-544,153,1273,1120,-696,17,-713,-29,28,199,171,-53,3,-56
310M300US11900,11900,"Athens, OH Micro Area",1414,447,3463,3016,971,1747,-776,487,63,554,491,429,306,123
310M300US11940,11940,"Athens, TN Micro Area",572,-554,3516,4070,1151,498,653,214,-81,556,637,324,96,228
310M300US11980,11980,"Athens, TX Micro Area",1367,-726,5610,6336,2129,82,2047,485,-204,882,1086,707,19,688
310M300US12120,12120,"Atmore, AL Micro Area",-591,-17,2805,2822,-543,13,-556,-99,-18,440,458,-83,2,-85
310M300US12140,12140,"Auburn, IN Micro Area",523,881,3338,2457,-348,48,-396,189,149,548,399,43,7,36
310M300US12180,12180,"Auburn, NY Micro Area",-2142,301,4909,4608,-2320,467,-2787,-455,67,764,697,-550,84,-634
310M300US12300,12300,"Augusta-Waterville, ME Micro Area",-1582,-571,7480,8051,-276,386,-662,360,-74,1221,1295,517,77,440
310M300US12380,12380,"Austin, MN Micro Area",0,821,3137,2316,-851,521,-1372,-52,135,500,365,-209,98,-307
310M300US12460,12460,"Bainbridge, GA Micro Area",-1020,324,2254,1930,-1371,-25,-1346,-361,19,351,332,-392,-4,-388
310M300US12660,12660,"Baraboo, WI Micro Area",1973,1119,4787,3668,753,441,312,303,136,760,624,212,74,138
310M300US12680,12680,"Bardstown, KY Micro Area",2122,1410,3704,2294,721,4,717,442,192,582,390,256,3,253
310M300US12740,12740,"Barre, VT Micro Area",-1022,354,3647,3293,-1312,193,-1505,-202,54,566,512,-255,40,-295
310M300US12780,12780,"Bartlesville, OK Micro Area",1113,205,3992,3787,994,682,312,-58,-9,645,654,-55,128,-183
310M300US12820,12820,"Bastrop, LA Micro Area",-1908,-60,2302,2362,-1853,43,-1896,-357,0,367,367,-369,7,-376
310M300US12860,12860,"Batavia, NY Micro Area",-1462,-80,3828,3908,-1393,411,-1804,-328,-19,622,641,-270,68,-338
310M300US12900,12900,"Batesville, AR Micro Area",521,289,2889,2600,309,169,140,95,38,457,419,82,34,48
310M300US13060,13060,"Bay City, TX Micro Area",485,1068,3341,2273,-505,76,-581,347,166,556,390,200,22,178
310M300US13100,13100,"Beatrice, NE Micro Area",-512,-247,1484,1731,-272,-1,-271,-64,-35,233,268,-12,0,-12
310M300US13180,13180,"Beaver Dam, WI Micro Area",-693,-278,5230,5508,-572,243,-815,-366,-100,805,905,-271,43,-314
310M300US13260,13260,"Bedford, IN Micro Area",-611,-440,2985,3425,-118,158,-276,33,-61,474,535,106,28,78
310M300US13300,13300,"Beeville, TX Micro Area",889,862,2407,1545,109,144,-35,77,176,406,230,-95,34,-129
310M300US13340,13340,"Bellefontaine, OH Micro Area",-689,362,3370,3008,-1031,79,-1110,-183,7,515,508,-174,15,-189
310M300US13420,13420,"Bemidji, MN Micro Area",1664,1778,4342,2564,-142,252,-394,432,232,658,426,185,48,137
310M300US13500,13500,"Bennettsville, SC Micro Area",-1988,-111,1913,2024,-1878,93,-1971,-596,5,310,305,-610,19,-629
310M300US13540,13540,"Bennington, VT Micro Area",-934,-542,2114,2656,-344,164,-508,-213,-85,344,429,-93,32,-125
310M300US13620,13620,"Berlin, NH-VT Micro Area",-1143,-1071,1918,2989,-23,37,-60,-235,-186,297,483,-24,3,-27
310M300US13660,13660,"Big Rapids, MI Micro Area",423,347,2661,2314,103,390,-287,129,62,417,355,57,71,-14
310M300US13700,13700,"Big Spring, TX Micro Area",1784,537,2977,2440,1239,464,775,-513,155,527,372,-665,91,-756
310M300US13720,13720,"Big Stone Gap, VA Micro Area",-3259,-565,4018,4583,-2666,144,-2810,-655,-105,583,688,-546,28,-574
310M300US13940,13940,"Blackfoot, ID Micro Area",-406,2534,4599,2065,-2872,-16,-2856,225,350,695,345,-106,3,-109
310M300US14140,14140,"Bluefield, WV-VA Micro Area",-4727,-2177,7392,9569,-2451,199,-2650,-1359,-422,1130,1552,-884,32,-916
310M300US14180,14180,"Blytheville, AR Micro Area",-3645,936,4049,3113,-4530,90,-4620,-864,131,649,518,-1034,17,-1051
310M300US14220,14220,"Bogalusa, LA Micro Area",-861,45,3603,3558,-858,-63,-795,-12,-7,602,609,14,-13,27
310M300US14300,14300,"Bonham, TX Micro Area",121,-456,2085,2541,555,95,460,391,-112,327,439,472,21,451
310M300US14340,14340,"Boone, IA Micro Area",226,9,1856,1847,223,0,223,-39,-25,279,304,1,0,1
310M300US14380,14380,"Boone, NC Micro Area",2843,126,2215,2089,2788,169,2619,898,12,367,355,879,32,847
310M300US14420,14420,"Borger, TX Micro Area",-738,375,1869,1494,-1077,109,-1186,-244,60,294,234,-298,19,-317
310M300US14580,14580,"Bozeman, MT Micro Area",14989,3878,7134,3256,10815,640,10175,3766,680,1224,544,2994,108,2886
310M300US14620,14620,"Bradford, PA Micro Area",-1567,-685,2602,3287,-795,114,-909,-533,-116,403,519,-390,20,-410
310M300US14660,14660,"Brainerd, MN Micro Area",1866,801,6682,5881,1175,277,898,814,105,1062,957,730,49,681
310M300US14700,14700,"Branson, MO Micro Area",1900,-90,5485,5575,2155,359,1796,547,-14,883,897,630,49,581
310M300US14720,14720,"Breckenridge, CO Micro Area",2380,1420,1761,341,970,554,416,482,235,295,60,208,67,141
310M300US14780,14780,"Brenham, TX Micro Area",1356,197,2561,2364,1054,434,620,51,38,416,378,-32,85,-117
310M300US14820,14820,"Brevard, NC Micro Area",392,-737,1699,2436,1163,47,1116,280,-98,285,383,403,6,397
310M300US15020,15020,"Brookhaven, MS Micro Area",-346,400,2882,2482,-702,45,-747,-78,61,460,399,-124,6,-130
310M300US15060,15060,"Brookings, OR Micro Area",349,-1174,1074,2248,1443,-67,1510,317,-204,151,355,509,-13,522
310M300US15100,15100,"Brookings, SD Micro Area",2170,1349,2568,1219,822,754,68,238,239,434,195,0,140,-140
310M300US15140,15140,"Brownsville, TN Micro Area",-954,185,1368,1183,-1163,31,-1194,-175,-26,194,220,-147,7,-154
310M300US15220,15220,"Brownwood, TX Micro Area",165,-395,2633,3028,545,162,383,290,-56,421,477,377,31,346
310M300US15340,15340,"Bucyrus, OH Micro Area",-1702,-194,3001,3195,-1453,28,-1481,-247,20,491,471,-277,3,-280
310M300US15420,15420,"Burley, ID Micro Area",1099,2149,4429,2280,-1012,265,-1277,236,333,685,352,-88,51,-139
310M300US15460,15460,"Burlington, IA-IL Micro Area",-1045,-56,3350,3406,-946,156,-1102,-348,21,541,520,-337,31,-368
310M300US15580,15580,"Butte-Silver Bow, MT Micro Area",344,-70,2492,2562,395,287,108,-26,-22,408,430,10,52,-42
310M300US15620,15620,"Cadillac, MI Micro Area",681,504,3686,3182,224,88,136,372,108,594,486,273,15,258
310M300US15660,15660,"Calhoun, GA Micro Area",1718,1351,4382,3031,363,299,64,581,183,709,526,391,51,340
310M300US15700,15700,"Cambridge, MD Micro Area",-360,51,2367,2316,-373,163,-536,-133,-25,380,405,-87,33,-120
310M300US15740,15740,"Cambridge, OH Micro Area",-1028,68,2856,2788,-967,67,-1034,-206,9,456,447,-199,15,-214
310M300US15780,15780,"Camden, AR Micro Area",-2247,-436,2139,2575,-1780,70,-1850,-337,-72,318,390,-254,13,-267
310M300US15820,15820,"Campbellsville, KY Micro Area",885,186,2022,1836,671,236,435,-170,-2,319,321,-162,41,-203
310M300US15860,15860,"Cañon City, CO Micro Area",622,-1012,2323,3335,1523,478,1045,733,-159,388,547,863,87,776
310M300US15900,15900,"Canton, IL Micro Area",-1533,-590,2200,2790,-928,-9,-919,-214,-110,353,463,-77,-1,-76
310M300US16100,16100,"Carlsbad-Artesia, NM Micro Area",3792,1809,5268,3459,2068,207,1861,10,371,918,547,-346,47,-393
310M300US16140,16140,"Carroll, IA Micro Area",-379,100,1626,1526,-490,21,-511,-70,0,258,258,-57,3,-60
310M300US16260,16260,"Cedar City, UT Micro Area",3774,3547,5331,1784,172,165,7,1643,575,869,294,1050,25,1025
310M300US16340,16340,"Cedartown, GA Micro Area",301,620,3518,2898,-310,375,-685,371,65,555,490,326,60,266
310M300US16380,16380,"Celina, OH Micro Area",95,887,3412,2525,-829,90,-919,-38,166,553,387,-188,19,-207
310M300US16420,16420,"Central City, KY Micro Area",-471,-308,2123,2431,-127,-7,-120,-118,-101,333,434,-20,-1,-19
310M300US16460,16460,"Centralia, IL Micro Area",-1297,44,3102,3058,-1371,72,-1443,-238,89,503,414,-314,16,-330
310M300US16500,16500,"Centralia, WA Micro Area",1609,356,5489,5133,1090,354,736,1312,32,870,838,1206,67,1139
310M300US16660,16660,"Charleston-Mattoon, IL Micro Area",-1720,109,3903,3794,-1722,330,-2052,-219,32,619,587,-212,59,-271
310M300US17060,17060,"Chillicothe, OH Micro Area",-1062,276,5323,5047,-1209,151,-1360,-162,75,893,818,-189,24,-213
310M300US17200,17200,"Claremont-Lebanon, NH-VT Micro Area",-2160,-769,12005,12774,-1027,1705,-2732,-70,-145,1883,2028,182,288,-106
310M300US17220,17220,"Clarksburg, WV Micro Area",-524,-646,6461,7107,270,65,205,-268,-153,996,1149,-104,10,-114
310M300US17260,17260,"Clarksdale, MS Micro Area",-2336,762,2659,1897,-3073,33,-3106,-686,91,384,293,-792,4,-796
310M300US17340,17340,"Clearlake, CA Micro Area",-549,-609,4611,5220,80,51,29,-330,-144,737,881,-170,17,-187
310M300US17380,17380,"Cleveland, MS Micro Area",-1411,666,3242,2576,-2080,52,-2132,-612,23,452,429,-616,13,-629
310M300US17500,17500,"Clewiston, FL Micro Area",150,1988,3715,1727,-1967,970,-2937,400,300,600,300,94,162,-68
310M300US17540,17540,"Clinton, IA Micro Area",-1807,199,3597,3398,-1993,178,-2171,-308,47,574,527,-319,33,-352
310M300US17580,17580,"Clovis, NM Micro Area",1904,3347,5733,2386,-1446,1298,-2744,74,472,875,403,-371,164,-535
310M300US17700,17700,"Coffeyville, KS Micro Area",-2725,160,2800,2640,-2921,258,-3179,-570,55,420,365,-632,45,-677
310M300US17740,17740,"Coldwater, MI Micro Area",-1821,637,3295,2658,-2416,286,-2702,-180,108,516,408,-271,54,-325
310M300US18060,18060,"Columbus, MS Micro Area",-177,1239,4852,3613,-1376,795,-2171,-142,160,745,585,-265,121,-386
310M300US18100,18100,"Columbus, NE Micro Area",624,1346,3030,1684,-744,283,-1027,62,220,493,273,-139,53,-192
310M300US18180,18180,"Concord, NH Micro Area",2138,303,8464,8161,1609,1641,-32,488,33,1348,1315,482,303,179
310M300US18220,18220,"Connersville, IN Micro Area",-971,-384,1522,1906,-543,17,-560,-95,-41,246,287,-43,4,-47
310M300US18260,18260,"Cookeville, TN Micro Area",3485,175,7643,7468,3313,1406,1907,901,-52,1212,1264,977,258,719
310M300US18300,18300,"Coos Bay, OR Micro Area",718,-1561,3880,5441,2175,438,1737,718,-276,627,903,973,82,891
310M300US18380,18380,"Cordele, GA Micro Area",-718,384,1886,1502,-1050,73,-1123,-129,25,292,267,-141,14,-155
310M300US18420,18420,"Corinth, MS Micro Area",247,-103,2688,2791,413,177,236,-27,-40,409,449,36,35,1
310M300US18460,18460,"Cornelia, GA Micro Area",1205,531,3112,2581,623,8,615,320,53,494,441,285,5,280
310M300US18500,18500,"Corning, NY Micro Area",-2052,708,6857,6149,-2644,415,-3059,-606,47,1064,1017,-585,67,-652
310M300US18620,18620,"Corsicana, TX Micro Area",683,1197,4365,3168,-583,53,-636,268,160,720,560,95,18,77
310M300US18660,18660,"Cortland, NY Micro Area",-1215,251,2947,2696,-1440,120,-1560,-359,43,465,422,-385,20,-405
310M300US18740,18740,"Coshocton, OH Micro Area",-296,333,2825,2492,-546,73,-619,15,79,458,379,-48,15,-63
310M300US18780,18780,"Craig, CO Micro Area",-686,557,1143,586,-1250,45,-1295,210,102,182,80,113,7,106
310M300US18820,18820,"Crawfordsville, IN Micro Area",-52,438,2839,2401,-441,14,-455,-93,61,446,385,-142,7,-149
310M300US18860,18860,"Crescent City, CA Micro Area",-1070,287,1987,1700,-1340,180,-1520,239,56,302,246,187,39,148
310M300US18900,18900,"Crossville, TN Micro Area",2593,-1335,3502,4837,3759,229,3530,377,-259,560,819,648,44,604
310M300US18980,18980,"Cullman, AL Micro Area",2061,115,6106,5991,1829,170,1659,613,-12,997,1009,588,28,560
310M300US19000,19000,"Cullowhee, NC Micro Area",1966,331,2462,2131,1712,552,1160,914,40,402,362,889,102,787
310M300US19220,19220,"Danville, KY Micro Area",1216,283,3924,3641,860,80,780,195,30,615,585,154,16,138
310M300US19260,19260,"Danville, VA Micro Area",-2965,-2041,6628,8669,-976,360,-1336,-623,-371,1030,1401,-171,68,-239
310M300US19420,19420,"Dayton, TN Micro Area",640,81,2399,2318,612,117,495,50,-16,379,395,93,24,69
310M300US19540,19540,"Decatur, IN Micro Area",845,2366,4218,1852,-1469,65,-1534,265,429,683,254,-151,10,-161
310M300US19580,19580,"Defiance, OH Micro Area",-869,334,2755,2421,-1208,145,-1353,-191,14,423,409,-193,27,-220
310M300US19620,19620,"Del Rio, TX Micro Area",2,3301,5478,2177,-3363,631,-3994,24,520,883,363,-492,98,-590
310M300US19700,19700,"Deming, NM Micro Area",-645,607,2460,1853,-1197,-44,-1153,-26,116,402,286,-131,-9,-122
310M300US19760,19760,"DeRidder, LA Micro Area",1273,864,3076,2212,409,216,193,450,120,498,378,313,21,292
310M300US19860,19860,"Dickinson, ND Micro Area",7000,1440,2880,1440,5440,571,4869,-940,350,593,243,-1302,115,-1417
310M300US19940,19940,"Dixon, IL Micro Area",-1780,-85,2173,2258,-1603,10,-1613,-176,-69,325,394,-86,1,-87
310M300US19980,19980,"Dodge City, KS Micro Area",123,2682,4163,1481,-2647,860,-3507,-292,406,637,231,-721,157,-878
310M300US20060,20060,"Douglas, GA Micro Area",656,1306,3682,2376,-716,373,-1089,-59,180,576,396,-240,65,-305
310M300US20140,20140,"Dublin, GA Micro Area",-1397,595,4543,3948,-2057,98,-2155,-317,50,681,631,-359,17,-376
310M300US20180,20180,"DuBois, PA Micro Area",-1001,-1192,4647,5839,184,481,-297,-371,-215,737,952,-137,95,-232
310M300US20300,20300,"Dumas, TX Micro Area",216,1758,2619,861,-1531,1324,-2855,72,286,425,139,-206,231,-437
310M300US20340,20340,"Duncan, OK Micro Area",-958,7,3486,3479,-941,136,-1077,-558,17,563,546,-572,25,-597
310M300US20380,20380,"Dunn, NC Micro Area",16174,5745,11469,5724,10158,1835,8323,2757,878,1901,1023,1814,253,1561
310M300US20420,20420,"Durango, CO Micro Area",4288,1464,3458,1994,2817,186,2631,853,227,582,355,652,36,616
310M300US20460,20460,"Durant, OK Micro Area",3157,697,3659,2962,2404,195,2209,586,75,600,525,498,42,456
310M300US20540,20540,"Dyersburg, TN Micro Area",-622,296,2974,2678,-932,138,-1070,-170,27,466,439,-183,24,-207
310M300US20580,20580,"Eagle Pass, TX Micro Area",3427,4575,6867,2292,-1184,644,-1828,245,766,1159,393,-510,144,-654
310M300US20660,20660,"Easton, MD Micro Area",-504,-650,2088,2738,149,232,-83,-245,-145,324,469,-112,38,-150
310M300US20780,20780,"Edwards, CO Micro Area",1792,3493,4122,629,-1698,495,-2193,643,548,656,108,67,82,-15
310M300US20820,20820,"Effingham, IL Micro Area",144,551,2747,2196,-464,51,-515,-10,90,432,342,-98,8,-106
310M300US20900,20900,"El Campo, TX Micro Area",455,867,3450,2583,-438,102,-540,209,164,572,408,72,25,47
310M300US20980,20980,"El Dorado, AR Micro Area",-1752,-3,3274,3277,-1757,-13,-1744,-271,14,547,533,-289,-2,-287
310M300US21020,21020,"Elizabeth City, NC Micro Area",-477,580,4496,3916,-1136,691,-1827,255,135,723,588,128,106,22
310M300US21120,21120,"Elk City, OK Micro Area",400,757,2278,1521,-398,-6,-392,-1109,78,348,270,-1208,-3,-1205
310M300US21180,21180,"Elkins, WV Micro Area",-399,-301,1970,2271,-61,16,-77,-168,-52,320,372,-93,2,-95
310M300US21220,21220,"Elko, NV Micro Area",3156,2754,4532,1778,358,296,62,262,438,781,343,-199,53,-252
310M300US21260,21260,"Ellensburg, WA Micro Area",3960,716,2500,1784,3191,435,2756,1809,105,391,286,1635,72,1563
310M300US21380,21380,"Emporia, KS Micro Area",-180,861,2595,1734,-1085,738,-1823,267,137,403,266,150,134,16
310M300US21460,21460,"Enterprise, AL Micro Area",1278,775,3903,3128,519,751,-232,163,65,602,537,117,84,33
310M300US21540,21540,"Escanaba, MI Micro Area",-867,-335,2328,2663,-492,33,-525,-205,-46,380,426,-138,6,-144
310M300US21580,21580,"Española, NM Micro Area",-204,1018,3501,2483,-1084,230,-1314,514,63,506,443,431,49,382
310M300US21640,21640,"Eufaula, AL-GA Micro Area",-1670,-237,1915,2152,-1458,-40,-1418,-273,-55,276,331,-223,-5,-218
310M300US21700,21700,"Eureka-Arcata-Fortuna, CA Micro Area",2023,1268,9357,8089,943,550,393,1263,131,1476,1345,1190,90,1100
310M300US21740,21740,"Evanston, WY Micro Area",-345,1124,1966,842,-1486,-83,-1403,-46,175,309,134,-217,-14,-203
310M300US21840,21840,"Fairfield, IA Micro Area",1247,-51,932,983,1323,1661,-338,237,-15,155,170,250,308,-58
310M300US21860,21860,"Fairmont, MN Micro Area",-1011,-203,1369,1572,-768,6,-774,-181,-18,219,237,-169,1,-170
310M300US21900,21900,"Fairmont, WV Micro Area",120,-3,4069,4072,248,140,108,-233,-63,628,691,-125,18,-143
310M300US21980,21980,"Fallon, NV Micro Area",-679,430,2034,1604,-1157,419,-1576,39,95,347,252,-67,47,-114
310M300US22060,22060,"Faribault-Northfield, MN Micro Area",1480,1571,4430,2859,-208,715,-923,344,228,682,454,99,119,-20
310M300US22100,22100,"Farmington, MO Micro Area",1256,-129,4609,4738,1311,74,1237,181,-51,715,766,204,14,190
310M300US22260,22260,"Fergus Falls, MN Micro Area",782,-230,3997,4227,1129,368,761,311,-17,670,687,385,65,320
310M300US22280,22280,"Fernley, NV Micro Area",1199,140,3526,3386,1027,63,964,840,-28,563,591,827,6,821
310M300US22300,22300,"Findlay, OH Micro Area",1083,1461,5780,4319,-396,589,-985,138,275,959,684,-111,110,-221
310M300US22340,22340,"Fitzgerald, GA Micro Area",-391,141,1485,1344,-533,-10,-523,-111,12,236,224,-118,-3,-115
310M300US22580,22580,"Forest City, NC Micro Area",-1387,-968,4232,5200,-321,236,-557,-41,-176,669,845,155,46,109
310M300US22620,22620,"Forrest City, AR Micro Area",-2062,491,2194,1703,-2515,169,-2684,-382,41,335,294,-425,30,-455
310M300US22700,22700,"Fort Dodge, IA Micro Area",-1244,-30,2776,2806,-1152,249,-1401,-223,23,450,427,-228,47,-275
310M300US22780,22780,"Fort Leonard Wood, MO Micro Area",380,3376,5179,1803,-3019,2613,-5632,-502,509,780,271,-1009,233,-1242
310M300US22800,22800,"Fort Madison-Keokuk, IA-IL-MO Micro Area",-2249,-295,4224,4519,-1968,137,-2105,-574,-54,660,714,-483,24,-507
310M300US22820,22820,"Fort Morgan, CO Micro Area",115,1183,2746,1563,-1161,480,-1641,-49,199,447,248,-229,84,-313
310M300US22840,22840,"Fort Payne, AL Micro Area",-215,524,5218,4694,-651,357,-1008,-96,25,796,771,-94,56,-150
310M300US22860,22860,"Fort Polk South, LA Micro Area",-1765,4192,6531,2339,-6052,1787,-7839,-137,579,948,369,-703,175,-878
310M300US23140,23140,"Frankfort, IN Micro Area",-762,623,2780,2157,-1376,135,-1511,-110,128,453,325,-216,20,-236
310M300US23180,23180,"Frankfort, KY Micro Area",2018,756,5142,4386,1219,384,835,516,121,823,702,415,65,350
310M300US23240,23240,"Fredericksburg, TX Micro Area",1684,-525,1563,2088,2097,223,1874,447,-81,262,343,457,47,410
310M300US23300,23300,"Freeport, IL Micro Area",-2087,-233,3109,3342,-1825,73,-1898,-167,-53,497,550,-81,14,-95
310M300US23340,23340,"Fremont, NE Micro Area",72,352,3052,2700,-312,125,-437,81,94,516,422,-9,22,-31
310M300US23380,23380,"Fremont, OH Micro Area",-1616,220,4109,3889,-1755,71,-1826,-188,8,616,608,-159,11,-170
310M300US23500,23500,"Gaffney, SC Micro Area",1175,568,4267,3699,749,-25,774,153,89,680,591,103,-4,107
310M300US23620,23620,"Gainesville, TX Micro Area",829,842,3356,2514,34,214,-180,156,147,561,414,39,37,2
310M300US23660,23660,"Galesburg, IL Micro Area",-1981,-741,3401,4142,-1202,327,-1529,-478,-50,546,596,-428,55,-483
310M300US23700,23700,"Gallup, NM Micro Area",3435,3893,7376,3483,-477,483,-960,-1877,511,1091,580,-2400,112,-2512
310M300US23780,23780,"Garden City, KS Micro Area",-114,3238,4755,1517,-3323,895,-4218,-309,510,743,233,-809,152,-961
310M300US23820,23820,"Gardnerville Ranchos, NV Micro Area",1023,-618,2244,2862,1568,80,1488,392,-147,363,510,506,9,497
310M300US23860,23860,"Georgetown, SC Micro Area",1241,-861,3621,4482,1843,214,1629,156,-255,558,813,348,40,308
310M300US23940,23940,"Gillette, WY Micro Area",2670,3065,4721,1656,-457,102,-559,-530,434,767,333,-996,24,-1020
310M300US23980,23980,"Glasgow, KY Micro Area",1739,478,4264,3786,1182,223,959,415,70,721,651,326,39,287
310M300US24060,24060,"Glenwood Springs, CO Micro Area",3102,3721,5905,2184,-605,551,-1156,1089,528,921,393,535,104,431
310M300US24100,24100,"Gloversville, NY Micro Area",-1696,-417,3357,3774,-1188,175,-1363,-132,-65,515,580,-22,32,-54
310M300US24330,24330,"Grand Rapids, MN Micro Area",184,-304,2929,3233,560,43,517,-155,-38,472,510,-115,7,-122
310M300US24380,24380,"Grants, NM Micro Area",272,821,2437,1616,-558,133,-691,165,83,365,282,98,27,71
310M300US24460,24460,"Great Bend, KS Micro Area",-899,373,2243,1870,-1250,37,-1287,-317,32,339,307,-337,8,-345
310M300US24620,24620,"Greeneville, TN Micro Area",-210,-1361,3934,5295,1115,158,957,64,-223,649,872,302,26,276
310M300US24640,24640,"Greenfield Town, MA Micro Area",-990,-371,3852,4223,-391,981,-1372,-168,-95,589,684,-38,177,-215
310M300US24700,24700,"Greensburg, IN Micro Area",858,459,2062,1603,423,151,272,205,63,334,271,150,20,130
310M300US24740,24740,"Greenville, MS Micro Area",-3904,1139,4918,3779,-5041,41,-5082,-822,67,731,664,-880,8,-888
310M300US24820,24820,"Greenville, OH Micro Area",-1181,349,3934,3585,-1501,41,-1542,-322,55,655,600,-338,8,-346
310M300US24900,24900,"Greenwood, MS Micro Area",-2868,702,3629,2927,-3662,163,-3825,-427,81,566,485,-493,23,-516
310M300US24940,24940,"Greenwood, SC Micro Area",-72,955,7078,6123,-994,776,-1770,132,51,1089,1038,99,152,-53
310M300US24980,24980,"Grenada, MS Micro Area",-631,-93,1678,1771,-566,5,-571,-232,8,259,251,-246,1,-247
310M300US25100,25100,"Guymon, OK Micro Area",458,1401,2264,863,-934,504,-1438,-267,248,390,142,-534,74,-608
310M300US25200,25200,"Hailey, ID Micro Area",433,1037,1936,899,-635,250,-885,212,146,290,144,64,49,15
310M300US25300,25300,"Hannibal, MO Micro Area",170,360,2927,2567,-165,90,-255,79,72,465,393,0,15,-15
310M300US25460,25460,"Harrison, AR Micro Area",7,-55,3226,3281,96,14,82,88,-51,509,560,169,3,166
310M300US25580,25580,"Hastings, NE Micro Area",317,655,2563,1908,-328,65,-393,99,118,426,308,0,10,-10
310M300US25700,25700,"Hays, KS Micro Area",441,722,2274,1552,-274,341,-615,-131,70,325,255,-193,60,-253
310M300US25720,25720,"Heber, UT Micro Area",7003,1855,2606,751,5056,392,4664,1363,349,475,126,968,77,891
310M300US25740,25740,"Helena, MT Micro Area",4337,1080,5270,4190,3158,363,2795,985,112,844,732,816,58,758
310M300US25760,25760,"Helena-West Helena, AR Micro Area",-2782,207,1891,1684,-3019,24,-3043,-559,14,287,273,-610,6,-616
310M300US25780,25780,"Henderson, NC Micro Area",-1175,486,3546,3060,-1678,-48,-1630,-107,29,544,515,-113,-5,-108
310M300US25820,25820,"Hereford, TX Micro Area",-542,1207,2115,908,-1733,182,-1915,23,157,322,165,-128,28,-156
310M300US25840,25840,"Hermiston-Pendleton, OR Micro Area",668,3287,7723,4436,-2434,-24,-2410,276,442,1188,746,-116,3,-119
310M300US25880,25880,"Hillsdale, MI Micro Area",-914,477,3370,2893,-1358,12,-1370,-166,55,518,463,-211,2,-213
310M300US25900,25900,"Hilo, HI Micro Area",13370,5131,15202,10071,8054,4009,4045,2293,548,2440,1892,1739,679,1060
310M300US26020,26020,"Hobbs, NM Micro Area",5022,3834,7159,3325,1275,263,1012,-1099,701,1200,499,-1778,62,-1840
310M300US26090,26090,"Holland, MI Micro Area",4140,2773,8520,5747,1186,316,870,887,468,1394,926,462,55,407
310M300US26220,26220,"Hood River, OR Micro Area",886,743,1836,1093,102,-41,143,195,136,308,172,45,-8,53
310M300US26260,26260,"Hope, AR Micro Area",-1234,511,2702,2191,-1707,-58,-1649,-219,79,406,327,-289,-7,-282
310M300US26340,26340,"Houghton, MI Micro Area",-30,176,2476,2300,-281,1122,-1403,196,20,382,362,189,200,-11
310M300US26460,26460,"Hudson, NY Micro Area",-2102,-845,3273,4118,-1168,387,-1555,-502,-191,465,656,-272,68,-340
310M300US26500,26500,"Huntingdon, PA Micro Area",-397,-104,2765,2869,-242,164,-406,-87,-68,451,519,23,32,-9
310M300US26540,26540,"Huntington, IN Micro Area",-724,117,2634,2517,-879,69,-948,-207,25,419,394,-219,10,-229
310M300US26660,26660,"Huntsville, TX Micro Area",3390,416,4844,4428,2970,753,2217,998,55,827,772,952,133,819
310M300US26700,26700,"Huron, SD Micro Area",703,791,2014,1223,-67,859,-926,-105,129,327,198,-228,148,-376
310M300US26740,26740,"Hutchinson, KS Micro Area",-1291,-2,4624,4626,-1195,55,-1250,-427,17,719,702,-399,10,-409
310M300US26780,26780,"Hutchinson, MN Micro Area",-809,590,2640,2050,-1474,97,-1571,-77,89,422,333,-140,20,-160
310M300US26860,26860,"Indiana, PA Micro Area",-2529,-197,5389,5586,-2254,553,-2807,-613,-46,852,898,-556,97,-653
310M300US26940,26940,"Indianola, MS Micro Area",-2978,275,2105,1830,-3326,-2,-3324,-516,26,311,285,-540,-1,-539
310M300US26960,26960,"Ionia, MI Micro Area",327,1468,4618,3150,-1122,84,-1206,59,203,725,522,-131,18,-149
310M300US27020,27020,"Iron Mountain, MI-WI Micro Area",-600,-507,1697,2204,-76,-15,-61,-216,-101,260,361,-103,-3,-100
310M300US27160,27160,"Jackson, OH Micro Area",-719,139,2620,2481,-814,0,-814,-41,34,399,365,-52,0,-52
310M300US27220,27220,"Jackson, WY-ID Micro Area",2692,1789,2518,729,874,331,543,510,269,393,124,205,63,142
310M300US27300,27300,"Jacksonville, IL Micro Area",-1576,-148,2613,2761,-1354,144,-1498,-389,-2,413,415,-361,23,-384
310M300US27380,27380,"Jacksonville, TX Micro Area",834,1579,4749,3170,-648,62,-710,237,255,782,527,-2,20,-22
310M300US27420,27420,"Jamestown, ND Micro Area",28,-17,1473,1490,96,88,8,20,13,237,224,22,17,5
310M300US27460,27460,"Jamestown-Dunkirk-Fredonia, NY Micro Area",-5400,-106,8788,8894,-4955,1427,-6382,-1307,29,1421,1392,-1303,258,-1561
310M300US27540,27540,"Jasper, IN Micro Area",324,899,4217,3318,-617,250,-867,86,143,692,549,-53,42,-95
310M300US27600,27600,"Jefferson, GA Micro Area",4130,1579,4912,3333,2291,50,2241,1577,248,830,582,1326,3,1323
310M300US27660,27660,"Jennings, LA Micro Area",-181,421,2725,2304,-613,40,-653,-21,57,456,399,-96,6,-102
310M300US27700,27700,"Jesup, GA Micro Area",5,561,2538,1977,-608,79,-687,565,86,406,320,478,18,460
310M300US27920,27920,"Junction City, KS Micro Area",1224,5224,6503,1279,-4211,1768,-5979,-1395,854,1068,214,-2256,180,-2436
310M300US27940,27940,"Juneau, AK Micro Area",1193,1354,2469,1115,-85,420,-505,-135,216,392,176,-354,57,-411
310M300US28060,28060,"Kalispell, MT Micro Area",7154,1808,6939,5131,5171,160,5011,2003,262,1129,867,1723,18,1705
310M300US28180,28180,"Kapaa, HI Micro Area",4939,1916,5505,3589,2974,2374,600,551,239,903,664,298,390,-92
310M300US28260,28260,"Kearney, NE Micro Area",3344,2314,4890,2576,978,831,147,623,380,809,429,213,146,67
310M300US28300,28300,"Keene, NH Micro Area",-1343,-50,4249,4299,-1129,275,-1404,-315,-54,639,693,-214,54,-268
310M300US28340,28340,"Kendallville, IN Micro Area",102,959,3753,2794,-897,21,-918,-121,181,633,452,-279,5,-284
310M300US28380,28380,"Kennett, MO Micro Area",-1418,103,2819,2716,-1491,1,-1492,-342,-20,418,438,-313,0,-313
310M300US28500,28500,"Kerrville, TX Micro Area",1879,-1230,3213,4443,2858,86,2772,493,-199,551,750,645,14,631
310M300US28540,28540,"Ketchikan, AK Micro Area",255,555,1105,550,-257,306,-563,57,92,168,76,-28,51,-79
310M300US28580,28580,"Key West, FL Micro Area",5987,235,4547,4312,5774,2556,3218,349,-30,748,778,451,441,10
310M300US28620,28620,"Kill Devil Hills, NC Micro Area",1778,392,2515,2123,1372,54,1318,379,52,391,339,332,7,325
310M300US28780,28780,"Kingsville, TX Micro Area",-380,1436,2979,1543,-1846,764,-2610,112,225,461,236,-106,128,-234
310M300US28820,28820,"Kinston, NC Micro Area",-2224,-257,4144,4401,-1888,200,-2088,-734,-105,652,757,-584,30,-614
310M300US28860,28860,"Kirksville, MO Micro Area",-285,350,1991,1641,-589,549,-1138,-111,85,326,241,-209,94,-303
310M300US28900,28900,"Klamath Falls, OR Micro Area",63,332,4983,4651,-228,215,-443,535,4,791,787,529,34,495
310M300US29060,29060,"Laconia, NH Micro Area",707,-701,3352,4053,1327,328,999,352,-232,507,739,531,49,482
310M300US29260,29260,"La Grande, OR Micro Area",343,212,1867,1655,183,106,77,358,-1,289,290,360,17,343
310M300US29300,29300,"LaGrange, GA Micro Area",2961,1528,5712,4184,1461,330,1131,258,212,948,736,83,59,24
310M300US29380,29380,"Lake City, FL Micro Area",1767,184,5008,4824,1599,225,1374,1013,16,815,799,970,36,934
310M300US29500,29500,"Lamesa, TX Micro Area",-722,289,1148,859,-1049,97,-1146,36,52,182,130,-20,24,-44
310M300US29660,29660,"Laramie, WY Micro Area",1957,1491,2654,1163,445,897,-452,177,254,437,183,-90,164,-254
310M300US29780,29780,"Las Vegas, NM Micro Area",-1633,272,1954,1682,-1884,367,-2251,-191,-3,275,278,-196,70,-266
310M300US29860,29860,"Laurel, MS Micro Area",-292,1719,7462,5743,-1837,19,-1856,-254,180,1165,985,-397,10,-407
310M300US29900,29900,"Laurinburg, NC Micro Area",-913,407,2822,2415,-1300,122,-1422,-174,42,435,393,-189,23,-212
310M300US29980,29980,"Lawrenceburg, TN Micro Area",1230,363,3537,3174,908,97,811,550,72,574,502,491,18,473
310M300US30060,30060,"Lebanon, MO Micro Area",-81,558,2917,2359,-629,20,-649,3,97,480,383,-93,4,-97
310M300US30220,30220,"Levelland, TX Micro Area",348,761,2054,1293,-393,165,-558,-186,104,316,212,-288,33,-321
310M300US30260,30260,"Lewisburg, PA Micro Area",616,145,2510,2365,475,355,120,71,-22,386,408,86,67,19
310M300US30280,30280,"Lewisburg, TN Micro Area",1309,371,2299,1928,945,108,837,397,52,384,332,365,20,345
310M300US30380,30380,"Lewistown, PA Micro Area",-340,239,3493,3254,-515,136,-651,-139,18,543,525,-128,21,-149
310M300US30420,30420,"Lexington, NE Micro Area",-759,1107,2578,1471,-1855,367,-2222,-202,213,432,219,-403,64,-467
310M300US30580,30580,"Liberal, KS Micro Area",-243,1972,2795,823,-2210,485,-2695,-450,313,431,118,-782,97,-879
310M300US30660,30660,"Lincoln, IL Micro Area",-778,-71,1929,2000,-722,118,-840,-13,7,321,314,-13,24,-37
310M300US30820,30820,"Lock Haven, PA Micro Area",-8,147,2637,2490,-96,109,-205,-126,12,407,395,-108,20,-128
310M300US30880,30880,"Logan, WV Micro Area",-3045,-728,2548,3276,-2351,-4,-2347,-814,-150,350,500,-689,-1,-688
310M300US30900,30900,"Logansport, IN Micro Area",-1020,696,3120,2424,-1681,602,-2283,-132,89,502,413,-204,115,-319
310M300US30940,30940,"London, KY Micro Area",1664,1623,10564,8941,-139,173,-312,264,134,1675,1541,118,18,100
310M300US31060,31060,"Los Alamos, NM Micro Area",197,325,1062,737,-151,393,-544,451,66,172,106,388,69,319
310M300US31220,31220,"Ludington, MI Micro Area",171,-191,1849,2040,426,88,338,64,7,303,296,80,16,64
310M300US31260,31260,"Lufkin, TX Micro Area",1020,2137,7529,5392,-1159,19,-1178,-147,256,1176,920,-408,12,-420
310M300US31300,31300,"Lumberton, NC Micro Area",-1005,3714,11641,7927,-4563,503,-5066,-1057,411,1749,1338,-1420,91,-1511
310M300US31380,31380,"Macomb, IL Micro Area",-1616,-7,1837,1844,-1651,270,-1921,-346,-3,281,284,-354,46,-400
310M300US31500,31500,"Madison, IN Micro Area",-10,-8,2286,2294,29,80,-51,-47,41,390,349,-75,12,-87
310M300US31580,31580,"Madisonville, KY Micro Area",-1016,-115,3469,3584,-860,109,-969,-377,23,566,543,-385,23,-408
310M300US31620,31620,"Magnolia, AR Micro Area",-651,-86,1845,1931,-545,255,-800,-239,5,301,296,-241,43,-284
310M300US31660,31660,"Malone, NY Micro Area",-1197,259,3054,2795,-1425,342,-1767,-93,-66,434,500,-23,55,-78
310M300US31680,31680,"Malvern, AR Micro Area",364,-159,2191,2350,553,38,515,-109,-42,340,382,-66,8,-74
310M300US31820,31820,"Manitowoc, WI Micro Area",-1906,-150,5107,5257,-1721,328,-2049,-181,-75,784,859,-39,55,-94
310M300US31930,31930,"Marietta, OH Micro Area",-1168,-713,3755,4468,-319,136,-455,-461,-162,562,724,-260,29,-289
310M300US31940,31940,"Marinette, WI-MI Micro Area",-2006,-1128,3629,4757,-730,96,-826,-596,-152,581,733,-401,18,-419
310M300US31980,31980,"Marion, IN Micro Area",-3126,-280,4760,5040,-2747,207,-2954,-755,-79,735,814,-682,35,-717
310M300US32000,32000,"Marion, NC Micro Area",81,-195,2874,3069,356,188,168,112,-27,463,490,163,41,122
310M300US32020,32020,"Marion, OH Micro Area",-1405,331,4693,4362,-1645,64,-1709,-136,-17,693,710,-94,10,-104
310M300US32100,32100,"Marquette, MI Micro Area",-642,-49,3981,4030,-532,191,-723,-870,-47,617,664,-783,38,-821
310M300US32140,32140,"Marshall, MN Micro Area",-158,890,2260,1370,-1065,336,-1401,28,116,356,240,-89,58,-147
310M300US32180,32180,"Marshall, MO Micro Area",-390,320,1866,1546,-667,266,-933,-129,46,278,232,-158,38,-196
310M300US32220,32220,"Marshall, TX Micro Area",905,1430,5311,3881,-396,445,-841,-72,159,844,685,-192,92,-284
310M300US32260,32260,"Marshalltown, IA Micro Area",-336,410,3396,2986,-731,867,-1598,-200,31,515,484,-204,149,-353
310M300US32280,32280,"Martin, TN Micro Area",-1508,-88,2200,2288,-1399,66,-1465,-324,-17,346,363,-296,11,-307
310M300US32300,32300,"Martinsville, VA Micro Area",-3106,-1520,4248,5768,-1635,317,-1952,-508,-259,665,924,-199,53,-252
310M300US32340,32340,"Maryville, MO Micro Area",-700,243,1433,1190,-961,177,-1138,-106,41,223,182,-140,31,-171
310M300US32380,32380,"Mason City, IA Micro Area",-1107,-173,3438,3611,-896,237,-1133,92,-23,549,572,151,42,109
310M300US32460,32460,"Mayfield, KY Micro Area",61,391,3125,2734,-284,214,-498,-69,74,485,411,-113,26,-139
310M300US32500,32500,"Maysville, KY Micro Area",-300,47,1310,1263,-338,1,-339,113,5,197,192,121,0,121
310M300US32540,32540,"McAlester, OK Micro Area",-1664,-400,3351,3751,-1191,18,-1209,-355,-46,528,574,-314,2,-316
310M300US32620,32620,"McComb, MS Micro Area",-1410,365,4350,3985,-1762,29,-1791,-400,-6,676,682,-370,7,-377
310M300US32660,32660,"McMinnville, TN Micro Area",692,39,2977,2938,661,162,499,178,2,469,467,195,35,160
310M300US32700,32700,"McPherson, KS Micro Area",-376,-238,2093,2331,-196,117,-313,-140,-32,332,364,-137,20,-157
310M300US32740,32740,"Meadville, PA Micro Area",-2504,-64,6020,6084,-2219,121,-2340,-381,32,989,957,-356,25,-381
310M300US32860,32860,"Menomonie, WI Micro Area",847,884,2835,1951,-140,250,-390,152,119,444,325,27,49,-22
310M300US32940,32940,"Meridian, MS Micro Area",-3915,984,8182,7198,-4763,578,-5341,-912,126,1281,1155,-999,71,-1070
310M300US32980,32980,"Merrill, WI Micro Area",-841,-381,1655,2036,-430,6,-436,-64,-61,252,313,17,1,16
310M300US33020,33020,"Mexico, MO Micro Area",492,325,2146,1821,192,54,138,-61,70,348,278,-117,10,-127
310M300US33060,33060,"Miami, OK Micro Area",-157,36,2765,2729,-241,89,-330,-237,-46,453,499,-197,15,-212
310M300US33180,33180,"Middlesborough, KY Micro Area",-1574,-135,2172,2307,-1368,-4,-1364,-177,-37,323,360,-129,-1,-128
310M300US33300,33300,"Milledgeville, GA Micro Area",-1453,288,3409,3121,-1748,269,-2017,-225,-65,509,574,-149,46,-195
310M300US33420,33420,"Mineral Wells, TX Micro Area",-69,277,2264,1987,-282,49,-331,171,11,360,349,171,11,160
310M300US33500,33500,"Minot, ND Micro Area",9183,4505,8070,3565,4627,1608,3019,-1188,859,1427,568,-2053,207,-2260
310M300US33580,33580,"Mitchell, SD Micro Area",442,497,1912,1415,-45,99,-144,98,99,293,194,-6,14,-20
310M300US33620,33620,"Moberly, MO Micro Area",-425,84,1753,1669,-523,46,-569,-101,23,276,253,-139,9,-148
310M300US33940,33940,"Montrose, CO Micro Area",193,266,2862,2596,-112,143,-255,671,12,459,447,632,26,606
310M300US33980,33980,"Morehead City, NC Micro Area",2422,-940,3814,4754,3335,676,2659,27,-249,582,831,302,86,216
310M300US34020,34020,"Morgan City, LA Micro Area",-2557,1375,4783,3408,-3865,424,-4289,-761,230,777,547,-974,80,-1054
310M300US34140,34140,"Moscow, ID Micro Area",1954,1406,2811,1405,570,661,-91,473,240,453,213,227,119,108
310M300US34180,34180,"Moses Lake, WA Micro Area",4426,5439,9579,4140,-761,295,-1056,422,809,1469,660,-361,91,-452
310M300US34220,34220,"Moultrie, GA Micro Area",211,1421,4276,2855,-1202,431,-1633,-47,170,623,453,-223,81,-304
310M300US34260,34260,"Mountain Home, AR Micro Area",-451,-1953,2199,4152,1495,-12,1507,-8,-306,374,680,334,-2,336
310M300US34300,34300,"Mountain Home, ID Micro Area",-1020,1874,2941,1067,-2985,871,-3856,228,270,449,179,-41,99,-140
310M300US34340,34340,"Mount Airy, NC Micro Area",-1635,-557,4764,5321,-1271,167,-1438,-435,-139,745,884,-413,26,-439
310M300US34380,34380,"Mount Pleasant, MI Micro Area",971,1308,4174,2866,-312,1311,-1623,592,230,687,457,396,236,160
310M300US34420,34420,"Mount Pleasant, TX Micro Area",258,1503,3162,1659,-1193,200,-1393,-97,246,515,269,-346,52,-398
310M300US34460,34460,"Mount Sterling, KY Micro Area",2108,967,3913,2946,1129,-1,1130,251,96,624,528,162,0,162
310M300US34500,34500,"Mount Vernon, IL Micro Area",-365,209,3020,2811,-549,214,-763,70,76,517,441,-8,35,-43
310M300US34540,34540,"Mount Vernon, OH Micro Area",-116,676,4447,3771,-736,78,-814,-159,69,697,628,-204,14,-218
310M300US34660,34660,"Murray, KY Micro Area",1246,13,2481,2468,1244,709,535,-4,-1,407,408,15,119,-104
310M300US34700,34700,"Muscatine, IA Micro Area",191,1021,3426,2405,-795,379,-1174,-77,180,544,364,-227,75,-302
310M300US34780,34780,"Muskogee, OK Micro Area",-1511,223,5894,5671,-1777,221,-1998,-114,-9,896,905,-72,39,-111
310M300US34860,34860,"Nacogdoches, TX Micro Area",1282,2059,5587,3528,-852,748,-1600,165,265,867,602,-112,148,-260
310M300US35020,35020,"Natchez, MS-LA Micro Area",-1951,-27,4021,4048,-1898,440,-2338,-321,-29,636,665,-282,91,-373
310M300US35060,35060,"Natchitoches, LA Micro Area",-404,847,3278,2431,-1281,123,-1404,25,91,494,403,-74,26,-100
310M300US35140,35140,"Newberry, SC Micro Area",571,168,2786,2618,389,187,202,183,10,451,441,186,28,158
310M300US35220,35220,"New Castle, IN Micro Area",-941,-543,2983,3526,-445,23,-468,-373,-86,479,565,-282,1,-283
310M300US35260,35260,"New Castle, PA Micro Area",-3846,-1228,5684,6912,-2498,182,-2680,-742,-190,912,1102,-499,31,-530
310M300US35420,35420,"New Philadelphia-Dover, OH Micro Area",-162,745,6963,6218,-827,413,-1240,-282,113,1123,1010,-332,63,-395
310M300US35440,35440,"Newport, OR Micro Area",1774,-873,2705,3578,2693,222,2471,870,-144,432,576,983,41,942
310M300US35460,35460,"Newport, TN Micro Area",-423,-590,2416,3006,195,51,144,123,-104,385,489,233,6,227
310M300US35500,35500,"Newton, IA Micro Area",-134,270,2593,2323,-363,43,-406,-21,23,407,384,-25,6,-31
310M300US35580,35580,"New Ulm, MN Micro Area",-562,-138,1698,1836,-431,23,-454,14,9,281,272,15,4,11
310M300US35700,35700,"Nogales, AZ Micro Area",-1435,2292,4075,1783,-3869,90,-3959,-152,280,601,321,-473,32,-505
310M300US35740,35740,"Norfolk, NE Micro Area",-153,1365,4231,2866,-1534,420,-1954,-67,210,665,455,-255,74,-329
310M300US35820,35820,"North Platte, NE Micro Area",-775,463,2733,2270,-1268,162,-1430,-56,42,416,374,-83,29,-112
310M300US35860,35860,"North Vernon, IN Micro Area",-767,415,2185,1770,-1135,25,-1160,-155,51,354,303,-192,3,-195
310M300US35900,35900,"North Wilkesboro, NC Micro Area",-565,-510,4264,4774,-4,47,-51,221,-107,696,803,364,10,354
310M300US35940,35940,"Norwalk, OH Micro Area",-1187,953,4546,3593,-2134,104,-2238,73,164,728,564,-95,14,-109
310M300US36020,36020,"Oak Harbor, WA Micro Area",4130,1501,5617,4116,2420,1784,636,1840,223,918,695,1541,260,1281
310M300US36300,36300,"Ogdensburg-Massena, NY Micro Area",-1903,1124,7447,6323,-2891,1348,-4239,-897,16,1084,1068,-858,226,-1084
310M300US36340,36340,"Oil City, PA Micro Area",-2401,-623,3487,4110,-1680,28,-1708,-519,-147,533,680,-335,4,-339
310M300US36380,36380,"Okeechobee, FL Micro Area",318,803,3336,2533,-654,430,-1084,905,135,538,403,777,80,697
310M300US36460,36460,"Olean, NY Micro Area",-2666,632,5772,5140,-3124,320,-3444,-232,62,898,836,-267,56,-323
310M300US36580,36580,"Oneonta, NY Micro Area",-2142,-432,3317,3749,-1506,268,-1774,-433,-100,527,627,-299,44,-343
310M300US36620,36620,"Ontario, OR-ID Micro Area",-470,1559,4572,3013,-2032,-59,-1973,305,237,694,457,53,-8,61
310M300US36660,36660,"Opelousas, LA Micro Area",496,2127,8049,5922,-1618,17,-1635,93,245,1271,1026,-159,3,-162
310M300US36700,36700,"Orangeburg, SC Micro Area",-4592,92,6710,6618,-4593,131,-4724,-966,-164,954,1118,-763,22,-785
310M300US36820,36820,"Oskaloosa, IA Micro Area",-200,392,1786,1394,-570,67,-637,-110,74,295,221,-180,12,-192
310M300US36830,36830,"Othello, WA Micro Area",510,1779,2512,733,-1258,29,-1287,88,258,374,116,-178,14,-192
310M300US36840,36840,"Ottawa, KS Micro Area",-436,418,1996,1578,-861,76,-937,1,55,310,255,-65,15,-80
310M300US36860,36860,"Ottawa-Peru, IL Micro Area",-5287,-840,9811,10651,-4267,490,-4757,-799,-115,1558,1673,-591,85,-676
310M300US36900,36900,"Ottumwa, IA Micro Area",-536,512,3564,3052,-990,436,-1426,-183,112,586,474,-321,78,-399
310M300US36940,36940,"Owatonna, MN Micro Area",229,1127,2973,1846,-957,110,-1067,122,175,476,301,-49,17,-66
310M300US37020,37020,"Owosso, MI Micro Area",-2094,55,4429,4374,-2115,70,-2185,37,2,708,706,67,12,55
310M300US37060,37060,"Oxford, MS Micro Area",6437,1088,3419,2331,5073,394,4679,782,159,559,400,594,55,539
310M300US37080,37080,"Oxford, NC Micro Area",1504,389,3513,3124,981,153,828,482,-4,563,567,476,25,451
310M300US37120,37120,"Ozark, AL Micro Area",-1021,1128,4151,3023,-2168,619,-2787,-144,95,637,542,-228,46,-274
310M300US37140,37140,"Paducah, KY-IL Micro Area",-1617,-837,6925,7762,-712,114,-826,-125,-187,1065,1252,109,22,87
310M300US37220,37220,"Pahrump, NV Micro Area",-522,-1772,2337,4109,1154,201,953,337,-296,367,663,616,37,579
310M300US37260,37260,"Palatka, FL Micro Area",-2087,-738,5213,5951,-1141,122,-1263,367,-147,804,951,582,27,555
310M300US37300,37300,"Palestine, TX Micro Area",-724,-299,3664,3963,-341,47,-388,247,-75,580,655,329,16,313
310M300US37420,37420,"Pampa, TX Micro Area",190,480,2094,1614,-277,106,-383,-511,77,336,259,-601,25,-626
310M300US37500,37500,"Paragould, AR Micro Area",2508,586,3496,2910,1961,106,1855,431,86,572,486,358,22,336
310M300US37540,37540,"Paris, TN Micro Area",-44,-722,2075,2797,682,104,578,105,-155,314,469,282,22,260
310M300US37580,37580,"Paris, TX Micro Area",2,346,4185,3839,-399,109,-508,155,23,688,665,153,23,130
310M300US37660,37660,"Parsons, KS Micro Area",-1163,17,1663,1646,-1175,51,-1226,-305,20,254,234,-320,7,-327
310M300US37740,37740,"Payson, AZ Micro Area",-41,-769,3883,4652,683,167,516,418,-217,615,832,613,30,583
310M300US37780,37780,"Pecos, TX Micro Area",1138,517,1152,635,622,350,272,132,113,211,98,23,71,-48
310M300US37800,37800,"Pella, IA Micro Area",-120,195,2287,2092,-324,95,-419,48,27,359,332,24,17,7
310M300US37940,37940,"Peru, IN Micro Area",-1020,140,2326,2186,-1105,27,-1132,-19,16,375,359,-26,3,-29
310M300US38100,38100,"Picayune, MS Micro Area",-437,195,4004,3809,-637,49,-686,147,-30,613,643,187,9,178
310M300US38180,38180,"Pierre, SD Micro Area",653,781,1819,1038,-107,7,-114,125,104,285,181,-6,-1,-5
310M300US38240,38240,"Pinehurst-Southern Pines, NC Micro Area",7526,-346,6253,6599,7543,627,6916,1340,-81,1062,1143,1385,101,1284
310M300US38260,38260,"Pittsburg, KS Micro Area",30,717,3217,2500,-679,606,-1285,-67,185,550,365,-248,102,-350
310M300US38380,38380,"Plainview, TX Micro Area",-1966,1318,3234,1916,-3383,229,-3612,62,152,461,309,-91,45,-136
310M300US38420,38420,"Platteville, WI Micro Area",1006,366,3407,3041,644,186,458,-89,67,563,496,-123,35,-158
310M300US38460,38460,"Plattsburgh, NY Micro Area",-1058,409,4793,4384,-1456,829,-2285,-81,20,744,724,-42,142,-184
310M300US38500,38500,"Plymouth, IN Micro Area",-491,745,3588,2843,-1223,153,-1376,-200,94,565,471,-264,25,-289
310M300US38580,38580,"Point Pleasant, WV-OH Micro Area",-1432,-218,4127,4345,-1188,108,-1296,-275,-54,645,699,-231,18,-249
310M300US38620,38620,"Ponca City, OK Micro Area",-1619,340,3886,3546,-1859,72,-1931,-366,32,591,559,-373,15,-388
310M300US38700,38700,"Pontiac, IL Micro Area",-2424,-50,2521,2571,-2374,141,-2515,-223,-8,357,365,-190,26,-216
310M300US38740,38740,"Poplar Bluff, MO Micro Area",-55,-73,3465,3538,147,55,92,-120,-47,528,575,-43,12,-55
310M300US38780,38780,"Portales, NM Micro Area",-758,889,1832,943,-1682,131,-1813,8,140,285,145,-128,28,-156
310M300US38820,38820,"Port Angeles, WA Micro Area",3166,-1685,4221,5906,4573,364,4209,1048,-309,689,998,1251,57,1194
310M300US38840,38840,"Port Clinton, OH Micro Area",-798,-822,2179,3001,-21,37,-58,-223,-162,358,520,-50,5,-55
310M300US38920,38920,"Port Lavaca, TX Micro Area",584,540,1821,1281,29,202,-173,43,83,302,219,-35,37,-72
310M300US39020,39020,"Portsmouth, OH Micro Area",-3411,-400,5467,5867,-2902,197,-3099,-664,-96,816,912,-570,39,-609
310M300US39060,39060,"Pottsville, PA Micro Area",-4716,-3407,8563,11970,-1030,477,-1507,-748,-523,1326,1849,-101,86,-187
310M300US39220,39220,"Price, UT Micro Area",-1004,367,1883,1516,-1412,61,-1473,-31,74,267,193,-101,8,-109
310M300US39260,39260,"Prineville, OR Micro Area",1592,-196,1237,1433,1755,29,1726,923,4,240,236,893,7,886
310M300US39420,39420,"Pullman, WA Micro Area",4073,1237,2806,1569,2825,2410,415,701,222,454,232,484,423,61
310M300US39500,39500,"Quincy, IL-MO Micro Area",-600,246,5810,5564,-910,162,-1072,-448,2,933,931,-432,30,-462
310M300US39700,39700,"Raymondville, TX Micro Area",-327,912,1929,1017,-1268,167,-1435,-73,114,285,171,-202,41,-243
310M300US39780,39780,"Red Bluff, CA Micro Area",-164,743,4817,4074,-855,119,-974,203,167,824,657,55,15,40
310M300US39860,39860,"Red Wing, MN Micro Area",494,269,3238,2969,88,92,-4,238,36,504,468,203,14,189
310M300US39940,39940,"Rexburg, ID Micro Area",1204,6560,8021,1461,-5423,304,-5727,1086,1067,1294,227,12,64,-52
310M300US39980,39980,"Richmond, IN Micro Area",-2435,-331,4884,5215,-2025,24,-2049,-416,-155,734,889,-220,8,-228
310M300US40080,40080,"Richmond-Berea, KY Micro Area",6425,1718,7352,5634,4565,428,4137,1171,229,1187,958,955,73,882
310M300US40100,40100,"Rio Grande City, TX Micro Area",3154,6068,8491,2423,-2992,788,-3780,497,929,1331,402,-421,182,-603
310M300US40180,40180,"Riverton, WY Micro Area",119,991,3716,2725,-879,62,-941,-113,81,562,481,-176,13,-189
310M300US40260,40260,"Roanoke Rapids, NC Micro Area",-4952,-1083,4778,5861,-3793,165,-3958,-990,-241,737,978,-706,27,-733
310M300US40300,40300,"Rochelle, IL Micro Area",-2224,252,3309,3057,-2444,133,-2577,-384,48,529,481,-406,25,-431
310M300US40460,40460,"Rockingham, NC Micro Area",-1702,21,3407,3386,-1724,37,-1761,-497,-50,518,568,-420,2,-422
310M300US40540,40540,"Rock Springs, WY Micro Area",359,2215,3915,1700,-1836,39,-1875,-528,329,604,275,-879,10,-889
310M300US40620,40620,"Rolla, MO Micro Area",-546,645,3318,2673,-1077,1131,-2208,-2,66,502,436,-50,186,-236
310M300US40700,40700,"Roseburg, OR Micro Area",790,-1855,6792,8647,2594,172,2422,932,-268,1103,1371,1175,34,1141
310M300US40740,40740,"Roswell, NM Micro Area",-369,1791,5824,4033,-2003,42,-2045,-247,295,912,617,-565,13,-578
310M300US40760,40760,"Ruidoso, NM Micro Area",-1068,-50,1172,1222,-944,-11,-933,38,-14,182,196,66,-1,67
310M300US40780,40780,"Russellville, AR Micro Area",1392,1525,6673,5148,-80,447,-527,232,249,1057,808,10,67,-57
310M300US40820,40820,"Ruston, LA Micro Area",1010,1245,3571,2326,-254,1251,-1505,26,152,565,413,-135,194,-329
310M300US40860,40860,"Rutland, VT Micro Area",-2336,-689,3432,4121,-1567,155,-1722,-396,-98,544,642,-252,29,-281
310M300US40940,40940,"Safford, AZ Micro Area",379,1894,3601,1707,-1520,76,-1596,-74,311,581,270,-381,19,-400
310M300US41220,41220,"St. Marys, GA Micro Area",2495,3035,4982,1947,-643,734,-1377,465,444,767,323,-15,68,-83
310M300US41260,41260,"St. Marys, PA Micro Area",-1466,-601,1830,2431,-821,7,-828,-399,-95,281,376,-289,2,-291
310M300US41400,41400,"Salem, OH Micro Area",-4156,-701,6738,7439,-3310,105,-3415,-998,-152,1014,1166,-828,18,-846
310M300US41460,41460,"Salina, KS Micro Area",-635,1488,5129,3641,-1996,317,-2313,-400,240,786,546,-615,56,-671
310M300US41760,41760,"Sandpoint, ID Micro Area",1659,-44,2480,2524,1521,55,1466,740,-20,401,421,743,6,737
310M300US41780,41780,"Sandusky, OH Micro Area",-1972,-778,4929,5707,-1188,239,-1427,-364,-137,775,912,-158,46,-204
310M300US41820,41820,"Sanford, NC Micro Area",1763,1567,4960,3393,212,284,-72,178,176,749,573,5,31,-26
310M300US42300,42300,"Sault Ste. Marie, MI Micro Area",-949,-18,2249,2267,-979,342,-1321,-279,2,362,360,-283,57,-340
310M300US42380,42380,"Sayre, PA Micro Area",-1852,235,4461,4226,-1905,168,-2073,-559,-1,715,716,-510,30,-540
310M300US42420,42420,"Scottsbluff, NE Micro Area",-509,523,3163,2640,-1015,113,-1128,102,55,468,413,66,24,42
310M300US42460,42460,"Scottsboro, AL Micro Area",-1088,-710,3468,4178,-338,203,-541,-160,-151,519,670,35,31,4
310M300US42620,42620,"Searcy, AR Micro Area",2187,1166,6203,5037,931,389,542,250,167,982,815,81,68,13
310M300US42740,42740,"Sedalia, MO Micro Area",12,1058,3669,2611,-922,216,-1138,31,188,585,397,-131,36,-167
310M300US42780,42780,"Selinsgrove, PA Micro Area",759,594,2801,2207,194,241,-47,-131,99,455,356,-215,48,-263
310M300US42820,42820,"Selma, AL Micro Area",-3812,25,3300,3275,-3877,-19,-3858,-885,-80,465,545,-796,-3,-793
310M300US42860,42860,"Seneca, SC Micro Area",2080,-412,4916,5328,2557,287,2270,611,-122,782,904,743,58,685
310M300US42900,42900,"Seneca Falls, NY Micro Area",-467,353,2400,2047,-722,144,-866,-71,60,386,326,-123,27,-150
310M300US42940,42940,"Sevierville, TN Micro Area",6948,571,6508,5937,6093,1069,5024,1012,78,1066,988,912,179,733
310M300US42980,42980,"Seymour, IN Micro Area",1633,857,3664,2807,777,509,268,72,169,613,444,-79,87,-166
310M300US43020,43020,"Shawano, WI Micro Area",-592,176,3255,3079,-831,136,-967,-125,23,485,462,-163,18,-181
310M300US43060,43060,"Shawnee, OK Micro Area",2848,905,5864,4959,1910,165,1745,458,95,918,823,384,28,356
310M300US43140,43140,"Shelby, NC Micro Area",-921,-560,6718,7278,-325,391,-716,220,-174,1068,1242,440,73,367
310M300US43180,43180,"Shelbyville, TN Micro Area",2428,1056,3856,2800,1323,242,1081,544,184,628,444,369,30,339
310M300US43220,43220,"Shelton, WA Micro Area",1502,-16,3903,3919,1648,553,1095,1162,-14,607,621,1160,97,1063
310M300US43260,43260,"Sheridan, WY Micro Area",1084,150,2067,1917,845,198,647,131,-19,315,334,143,34,109
310M300US43320,43320,"Show Low, AZ Micro Area",2537,4265,10151,5886,-1839,299,-2138,1663,580,1566,986,1051,61,990
310M300US43380,43380,"Sidney, OH Micro Area",-797,1197,3859,2662,-2008,338,-2346,-294,192,619,427,-489,61,-550
310M300US43460,43460,"Sikeston, MO Micro Area",-442,539,3178,2639,-928,107,-1035,-259,49,480,431,-296,19,-315
310M300US43500,43500,"Silver City, NM Micro Area",-1234,-189,1952,2141,-1039,160,-1199,-284,-43,295,338,-220,25,-245
310M300US43660,43660,"Snyder, TX Micro Area",412,502,1587,1085,-73,34,-107,-233,65,247,182,-294,8,-302
310M300US43700,43700,"Somerset, KY Micro Area",893,-257,4600,4857,1164,177,987,129,-79,716,795,223,38,185
310M300US43740,43740,"Somerset, PA Micro Area",-2685,-1548,4325,5873,-1020,194,-1214,-588,-267,693,960,-265,39,-304
310M300US43760,43760,"Sonora, CA Micro Area",-1561,-1164,2897,4061,-366,354,-720,189,-181,472,653,400,65,335
310M300US43940,43940,"Spearfish, SD Micro Area",1187,101,1475,1374,1070,117,953,395,18,235,217,397,24,373
310M300US43980,43980,"Spencer, IA Micro Area",-334,34,1249,1215,-347,16,-363,-158,14,199,185,-161,3,-164
310M300US44020,44020,"Spirit Lake, IA Micro Area",576,-181,1041,1222,784,37,747,121,-3,174,177,141,7,134
310M300US44260,44260,"Starkville, MS Micro Area",2162,1613,3489,1876,470,762,-292,104,191,560,369,-73,121,-194
310M300US44340,44340,"Statesboro, GA Micro Area",4471,2233,5336,3103,2118,966,1152,1509,363,894,531,1164,171,993
310M300US44460,44460,"Steamboat Springs, CO Micro Area",1142,739,1349,610,411,336,75,323,105,220,115,217,69,148
310M300US44500,44500,"Stephenville, TX Micro Area",3759,1100,3055,1955,2528,197,2331,280,165,500,335,135,46,89
310M300US44540,44540,"Sterling, CO Micro Area",-790,218,1429,1211,-1033,54,-1087,-27,37,228,191,-50,25,-75
310M300US44580,44580,"Sterling, IL Micro Area",-1962,-23,3946,3969,-1825,67,-1892,-427,-22,602,624,-357,10,-367
310M300US44620,44620,"Stevens Point, WI Micro Area",428,1075,4338,3263,-607,501,-1108,-87,167,674,507,-206,101,-307
310M300US44660,44660,"Stillwater, OK Micro Area",3781,2218,5677,3459,1525,2409,-884,498,313,895,582,155,421,-266
310M300US44740,44740,"Storm Lake, IA Micro Area",72,845,2007,1162,-724,445,-1169,43,152,319,167,-97,87,-184
310M300US44780,44780,"Sturgis, MI Micro Area",-442,1291,5119,3828,-1625,259,-1884,10,218,795,577,-181,46,-227
310M300US44860,44860,"Sulphur Springs, TX Micro Area",1239,522,2905,2383,635,5,630,223,81,470,389,143,2,141
310M300US44900,44900,"Summerville, GA Micro Area",-1191,-133,1786,1919,-1016,43,-1059,-58,19,305,286,-69,6,-75
310M300US44920,44920,"Summit Park, UT Micro Area",3980,1834,2703,869,2202,438,1764,826,268,417,149,542,76,466
310M300US44980,44980,"Sunbury, PA Micro Area",-1973,-1169,6032,7201,-672,312,-984,-603,-155,956,1111,-427,52,-479
310M300US45000,45000,"Susanville, CA Micro Area",-4025,598,1905,1307,-4647,159,-4806,-463,135,316,181,-630,28,-658
310M300US45020,45020,"Sweetwater, TX Micro Area",-224,182,1292,1110,-434,42,-476,-57,42,219,177,-107,8,-115
310M300US45140,45140,"Tahlequah, OK Micro Area",1715,675,3739,3064,1022,112,910,331,68,567,499,254,25,229
310M300US45180,45180,"Talladega-Sylacauga, AL Micro Area",-3365,-874,5995,6869,-2310,193,-2503,-752,-217,937,1154,-469,35,-504
310M300US45340,45340,"Taos, NM Micro Area",125,169,1929,1760,-47,160,-207,178,-19,290,309,232,34,198
310M300US45380,45380,"Taylorville, IL Micro Area",-1491,-393,2124,2517,-1080,76,-1156,-237,-89,300,389,-118,10,-128
310M300US45520,45520,"The Dalles, OR Micro Area",904,30,1879,1849,819,70,749,362,36,312,276,326,15,311
310M300US45580,45580,"Thomaston, GA Micro Area",-818,-225,2047,2272,-611,-5,-606,43,-57,333,390,91,-3,94
310M300US45620,45620,"Thomasville, GA Micro Area",529,546,3667,3121,-37,152,-189,210,85,592,507,108,27,81
310M300US45660,45660,"Tiffin, OH Micro Area",-1389,-26,3612,3638,-1336,290,-1626,-226,-1,567,568,-187,51,-238
310M300US45700,45700,"Tifton, GA Micro Area",697,1209,3607,2398,-582,166,-748,106,235,623,388,-121,28,-149
310M300US45740,45740,"Toccoa, GA Micro Area",-421,-119,1970,2089,-340,30,-370,251,8,342,334,245,4,241
310M300US45860,45860,"Torrington, CT Micro Area",-7355,-1807,9149,10956,-5046,1495,-6541,-1205,-357,1423,1780,-696,274,-970
310M300US45900,45900,"Traverse City, MI Micro Area",5312,-31,8887,8918,5109,321,4788,444,-7,1440,1447,443,59,384
310M300US45980,45980,"Troy, AL Micro Area",387,368,2407,2039,-31,551,-582,-90,53,392,339,-143,87,-230
310M300US46020,46020,"Truckee-Grass Valley, CA Micro Area",359,-898,5097,5995,1531,291,1240,278,-113,847,960,488,56,432
310M300US46100,46100,"Tullahoma-Manchester, TN Micro Area",2496,-565,6908,7473,3091,289,2802,622,-27,1140,1167,673,64,609
310M300US46180,46180,"Tupelo, MS Micro Area",4192,2474,11661,9187,1459,176,1283,604,308,1863,1555,263,35,228
310M300US46300,46300,"Twin Falls, ID Micro Area",6904,4590,10055,5465,2233,1105,1128,1685,685,1590,905,956,195,761
310M300US46380,46380,"Ukiah, CA Micro Area",-212,1314,6615,5301,-1308,289,-1597,275,150,1026,876,203,62,141
310M300US46460,46460,"Union City, TN-KY Micro Area",-1863,-420,2650,3070,-1436,-4,-1432,-135,-69,412,481,-79,1,-80
310M300US46500,46500,"Urbana, OH Micro Area",-1350,67,2461,2394,-1407,175,-1582,-251,-27,372,399,-230,36,-266
310M300US46620,46620,"Uvalde, TX Micro Area",880,990,2543,1553,-101,290,-391,173,164,413,249,-14,52,-66
310M300US46740,46740,"Valley, AL Micro Area",-327,-295,2548,2843,-42,129,-171,-200,-57,419,476,-137,18,-155
310M300US46780,46780,"Van Wert, OH Micro Area",-382,127,2048,1921,-566,60,-626,-167,36,341,305,-195,10,-205
310M300US46820,46820,"Vermillion, SD Micro Area",218,313,924,611,-101,199,-300,135,45,135,90,91,39,52
310M300US46860,46860,"Vernal, UT Micro Area",3789,3032,4350,1318,715,138,577,-1416,501,727,226,-1936,28,-1964
310M300US46900,46900,"Vernon, TX Micro Area",-643,107,1052,945,-731,73,-804,-145,28,166,138,-176,14,-190
310M300US46980,46980,"Vicksburg, MS Micro Area",-2092,910,4634,3724,-2907,286,-3193,-434,117,737,620,-537,57,-594
310M300US47080,47080,"Vidalia, GA Micro Area",-94,757,3163,2406,-900,82,-982,96,94,503,409,-37,18,-55
310M300US47180,47180,"Vincennes, IN Micro Area",-696,237,2982,2745,-856,110,-966,-147,80,486,406,-212,15,-227
310M300US47240,47240,"Vineyard Haven, MA Micro Area",711,142,993,851,580,12,568,29,14,152,138,8,0,8
310M300US47340,47340,"Wabash, IN Micro Area",-1126,-454,2129,2583,-759,94,-853,-313,-93,318,411,-243,16,-259
310M300US47420,47420,"Wahpeton, ND-MN Micro Area",-186,216,1528,1312,-411,11,-422,-71,40,257,217,-118,2,-120
310M300US47540,47540,"Wapakoneta, OH Micro Area",-55,333,3344,3011,-518,169,-687,47,32,532,500,14,28,-14
310M300US47620,47620,"Warren, PA Micro Area",-1790,-630,2492,3122,-1027,114,-1141,-319,-125,394,519,-163,21,-184
310M300US47660,47660,"Warrensburg, MO Micro Area",1347,2055,4509,2454,-719,1006,-1725,68,304,709,405,-212,114,-326
310M300US47700,47700,"Warsaw, IN Micro Area",1736,2215,6491,4276,-300,326,-626,277,384,1078,694,-84,63,-147
310M300US47780,47780,"Washington, IN Micro Area",1315,1240,3324,2084,122,95,27,133,192,524,332,-51,12,-63
310M300US47820,47820,"Washington, NC Micro Area",-253,-517,3057,3574,277,140,137,-17,-160,462,622,182,26,156
310M300US47920,47920,"Washington Court House, OH Micro Area",-352,22,2155,2133,-373,43,-416,30,5,315,310,44,9,35
310M300US47980,47980,"Watertown, SD Micro Area",836,876,2371,1495,-5,162,-167,150,148,371,223,-1,29,-30
310M300US48020,48020,"Watertown-Fort Atkinson, WI Micro Area",944,1576,5536,3960,-506,390,-896,-15,169,839,670,-160,72,-232
310M300US48100,48100,"Wauchula, FL Micro Area",-371,1226,2478,1252,-1631,426,-2057,108,216,397,181,-94,77,-171
310M300US48180,48180,"Waycross, GA Micro Area",-155,540,4509,3969,-759,267,-1026,357,82,705,623,279,50,229
310M300US48220,48220,"Weatherford, OK Micro Area",1824,1110,2914,1804,697,250,447,-321,179,462,283,-512,50,-562
310M300US48460,48460,"West Plains, MO Micro Area",-190,89,3222,3133,-264,103,-367,75,-5,506,511,93,18,75
310M300US48500,48500,"West Point, MS Micro Area",-784,-76,1367,1443,-718,10,-728,-172,-42,196,238,-128,0,-128
310M300US48580,48580,"Whitewater-Elkhorn, WI Micro Area",731,922,6526,5604,-303,299,-602,234,137,1047,910,53,57,-4
310M300US48780,48780,"Williston, ND Micro Area",11939,2101,3530,1429,9642,39,9603,-1050,559,781,222,-1641,13,-1654
310M300US48820,48820,"Willmar, MN Micro Area",256,1228,3615,2387,-944,812,-1756,-64,233,586,353,-283,147,-430
310M300US48940,48940,"Wilmington, OH Micro Area",-135,478,3192,2714,-588,118,-706,50,70,519,449,-25,21,-46
310M300US48980,48980,"Wilson, NC Micro Area",424,819,5991,5172,-515,525,-1040,-25,73,949,876,-88,97,-185
310M300US49080,49080,"Winnemucca, NV Micro Area",317,911,1641,730,-555,110,-665,-160,155,258,103,-311,23,-334
310M300US49100,49100,"Winona, MN Micro Area",-513,422,2943,2521,-908,524,-1432,9,22,467,445,16,93,-77
310M300US49220,49220,"Wisconsin Rapids-Marshfield, WI Micro Area",-1642,410,5133,4723,-1989,109,-2098,-181,36,785,749,-164,14,-178
310M300US49260,49260,"Woodward, OK Micro Area",733,708,1944,1236,38,80,-42,-674,46,302,256,-735,16,-751
310M300US49300,49300,"Wooster, OH Micro Area",1956,2841,9549,6708,-819,616,-1435,362,396,1523,1127,6,121,-115
310M300US49380,49380,"Worthington, MN Micro Area",470,1137,2247,1110,-597,1129,-1726,131,194,357,163,-47,186,-233
310M300US49460,49460,"Yankton, SD Micro Area",178,277,1640,1363,-67,8,-75,-50,54,267,213,-86,2,-88
310M300US49780,49780,"Zanesville, OH Micro Area",-18,570,6494,5924,-499,331,-830,-237,76,1038,962,-263,64,-327
310M300US49820,49820,"Zapata, TX Micro Area",331,1294,1827,533,-954,26,-980,-48,184,283,99,-229,12,-241
